<mediawiki xmlns="http://www.mediawiki.org/xml/export-0.10/" xmlns:xsi="http://www.w3.org/2001/XMLSchema-instance" xsi:schemaLocation="http://www.mediawiki.org/xml/export-0.10/ http://www.mediawiki.org/xml/export-0.10.xsd" version="0.10" xml:lang="fr">
                   <page>
                      <title>allele information</title>
                        <ns>0</ns>
                        <id>0</id>
                        <revision>
                          <id>0</id>
                          <timestamp>2020-07-08T19:59:44Z</timestamp>
                          <contributor>
                            <username>Romain</username>
                            <id>1</id>
                          </contributor>
                          <comment>allele information
genotype in</comment>
                          <model>wikitext</model>
                          <format>text/x-wiki</format><text xml:space="preserve" bytes="12">allele information
genotype information &apos;C57BL/6JHnf1a+/-&apos; in this case, Hnf1a+/- is the allele information
a genetic alteration information that about one of two or more alternative forms of a gene or marker sequence and differing from other alleles at one or more mutational sites based on sequence. Polymorphisms are included in this definition.
discussed on San Diego OBI workshop, March 2011
Person: Chris Stoeckert, Jie Zheng
MO_58 Allele
</text>
                          <sha1>753hugogitqwnlby9d3k5rdzsa58oj1</sha1>
                        </revision>
                      </page>
                    </mediawiki>