<mediawiki xmlns="http://www.mediawiki.org/xml/export-0.10/" xmlns:xsi="http://www.w3.org/2001/XMLSchema-instance" xsi:schemaLocation="http://www.mediawiki.org/xml/export-0.10/ http://www.mediawiki.org/xml/export-0.10.xsd" version="0.10" xml:lang="fr">
                   <page>
                      <title>Analyse post-hoc</title>
                        <ns>0</ns>
                        <id>0</id>
                        <revision>
                          <id>0</id>
                          <timestamp>2020-07-08T19:59:48Z</timestamp>
                          <contributor>
                            <username>Romain</username>
                            <id>1</id>
                          </contributor>
                          <comment>A post-hoc analysis is a stati</comment>
                          <model>wikitext</model>
                          <format>text/x-wiki</format><text xml:space="preserve" bytes="12">A post-hoc analysis is a statistical test carried out following an analysis of variance which ruled out the null hypothesis of absence of difference between group which allows identifying which groups differ.
Une analyse post-hoc est un test statistique effectué à la suite d&apos;une analyse de variance qui exclut l&apos;hypothèse nulle d&apos;absence de différence entre les groupes permettant d&apos;identifier les groupes qui diffèrent.
Alejandra Gonzalez-Beltran
Jean-Marc Meunier
Orlaith Burke
Philippe Rocca-Serra
a posteriori test
adapted from wikipedia: http://en.wikip

 is a subclass from http://purl.obolibrary.org/obo/STATO_0000279
</text>
                          <sha1>753hugogitqwnlby9d3k5rdzsa58oj1</sha1>
                        </revision>
                      </page>
                    </mediawiki>