<mediawiki xmlns="http://www.mediawiki.org/xml/export-0.10/" xmlns:xsi="http://www.w3.org/2001/XMLSchema-instance" xsi:schemaLocation="http://www.mediawiki.org/xml/export-0.10/ http://www.mediawiki.org/xml/export-0.10.xsd" version="0.10" xml:lang="fr">
                   <page>
                      <title>biological vector role</title>
                        <ns>0</ns>
                        <id>0</id>
                        <revision>
                          <id>0</id>
                          <timestamp>2020-07-08T19:59:42Z</timestamp>
                          <contributor>
                            <username>Romain</username>
                            <id>1</id>
                          </contributor>
                          <comment>biological vector role
1983 Sc</comment>
                          <model>wikitext</model>
                          <format>text/x-wiki</format><text xml:space="preserve" bytes="12">biological vector role
1983 Sci. Amer. Jan. 58/2 Plasmids are routinely used as vectors for introducing foreign DNA into bacteria.
Some epidemiological aspects and vector role of tick infestation on layers in the Faisalabad district (Pakistan). http://journals.cambridge.org/action/displayAbstract;jsessionid=0373164489D00868AEEF2C556EB4FD29.tomcat1?fromPage=online&amp;aid=624280
a biological vector role is a material to be added role that is realized by the process of transmitting material to the organism that is the target of the transmission.
Feb 20, 2009. The material transmitted can be genetic information (as in cloning vector) or a pathogen (as in a disease vector)
GROUP:Role Branch
OBI and Wikipedia
6/12/2009 Alan made this a material to be added role, because it was, and because this speeded up reasoning
 is a subclass from http://purl.obolibrary.org/obo/OBI_0000319
</text>
                          <sha1>753hugogitqwnlby9d3k5rdzsa58oj1</sha1>
                        </revision>
                      </page>
                    </mediawiki>