<mediawiki xmlns="http://www.mediawiki.org/xml/export-0.10/" xmlns:xsi="http://www.w3.org/2001/XMLSchema-instance" xsi:schemaLocation="http://www.mediawiki.org/xml/export-0.10/ http://www.mediawiki.org/xml/export-0.10.xsd" version="0.10" xml:lang="fr">
                   <page>
                      <title>Coefficient de détermination r2</title>
                        <ns>0</ns>
                        <id>0</id>
                        <revision>
                          <id>0</id>
                          <timestamp>2020-07-08T19:59:48Z</timestamp>
                          <contributor>
                            <username>Romain</username>
                            <id>1</id>
                          </contributor>
                          <comment>Il s&apos;agit du carré de la</comment>
                          <model>wikitext</model>
                          <format>text/x-wiki</format><text xml:space="preserve" bytes="12">Il s&apos;agit du carré de la corrélation entre deux variables (r2). Il exprime la quantité de dispersion entre les deux variables.
r2 is a correlation coefficient which is computed over the frequency of 2 dichotomous variable and is used as a measure of Linkage Disequilibrium and as input data item to the creation of an LD plot
Alejandra Gonzalez-Beltran
Jean-Marc Meunier
Orlaith Burke
Philippe Rocca-Serra
coefficient of determination
http://www.ncbi.nlm.nih.gov/pmc/articles/PMC2580747/
http://www.statsoft.fr/concepts-statistiques/glossaire/c/coefficient-determination.html
</text>
                          <sha1>753hugogitqwnlby9d3k5rdzsa58oj1</sha1>
                        </revision>
                      </page>
                    </mediawiki>