<mediawiki xmlns="http://www.mediawiki.org/xml/export-0.10/" xmlns:xsi="http://www.w3.org/2001/XMLSchema-instance" xsi:schemaLocation="http://www.mediawiki.org/xml/export-0.10/ http://www.mediawiki.org/xml/export-0.10.xsd" version="0.10" xml:lang="fr">
                   <page>
                      <title>Coeficient de correlation tetrachorique</title>
                        <ns>0</ns>
                        <id>0</id>
                        <revision>
                          <id>0</id>
                          <timestamp>2020-07-08T19:59:50Z</timestamp>
                          <contributor>
                            <username>Romain</username>
                            <id>1</id>
                          </contributor>
                          <comment>Cette statistique n&apos;est a</comment>
                          <model>wikitext</model>
                          <format>text/x-wiki</format><text xml:space="preserve" bytes="12">Cette statistique n&apos;est applicable qu&apos;aux tables 2 x 2. Si la table 2 x 2 peut être considérée comme le résultat de deux variables continues, artificiellement transformées en deux catégories chacune, le coefficient de corrélation tétrachorique estimera la corrélation entre les deux. Cette statistique est souvent utilisée en Analyse de Fiabilité.
a tetrachoric correlation coefficient is a polychoric correlation coefficient for 2 dichotomous variables used as proxy for correlation between 2 continuous latent variables.
Alejandra Gonzalez-Beltran
Jean-Marc Meunier
Orlaith Burke
Philippe Rocca-Serra


http://www.statsoft.fr/concepts-statistiques/statistiques-elementaires/statistiques-dans-les-tableaux-croises.php#correlation
 is a subclass from http://purl.obolibrary.org/obo/STATO_0000269
</text>
                          <sha1>753hugogitqwnlby9d3k5rdzsa58oj1</sha1>
                        </revision>
                      </page>
                    </mediawiki>