<mediawiki xmlns="http://www.mediawiki.org/xml/export-0.10/" xmlns:xsi="http://www.w3.org/2001/XMLSchema-instance" xsi:schemaLocation="http://www.mediawiki.org/xml/export-0.10/ http://www.mediawiki.org/xml/export-0.10.xsd" version="0.10" xml:lang="fr">
                   <page>
                      <title>Continuant indépendant</title>
                        <ns>0</ns>
                        <id>0</id>
                        <revision>
                          <id>0</id>
                          <timestamp>2020-07-08T19:59:41Z</timestamp>
                          <contributor>
                            <username>Romain</username>
                            <id>1</id>
                          </contributor>
                          <comment>independent continuant
a chair</comment>
                          <model>wikitext</model>
                          <format>text/x-wiki</format><text xml:space="preserve" bytes="12">independent continuant
a chair
a heart
a leg
a person
a symphony orchestra
an organism
the bottom right portion of a human torso
the lawn and atmosphere in front of our building
A continuantthat is a bearer of qualityand realizable entityentities, in which other entities inhere and which itself cannot inhere in anything.
Un continuant qui est porteur de qualité et d&apos;entités réalisables, dans lesquelles d&apos;autres entités sont inhérentes et qui ne peuvent elles-mêmes être inhérentes à rien.
J&apos;ai un doute surma traduction
Jean-Marc Meunier
substantial entity
 is a subclass from continuant
</text>
                          <sha1>753hugogitqwnlby9d3k5rdzsa58oj1</sha1>
                        </revision>
                      </page>
                    </mediawiki>