<mediawiki xmlns="http://www.mediawiki.org/xml/export-0.10/" xmlns:xsi="http://www.w3.org/2001/XMLSchema-instance" xsi:schemaLocation="http://www.mediawiki.org/xml/export-0.10/ http://www.mediawiki.org/xml/export-0.10.xsd" version="0.10" xml:lang="fr">
                   <page>
                      <title>Contraste polynomial</title>
                        <ns>0</ns>
                        <id>0</id>
                        <revision>
                          <id>0</id>
                          <timestamp>2020-07-08T19:59:52Z</timestamp>
                          <contributor>
                            <username>Romain</username>
                            <id>1</id>
                          </contributor>
                          <comment>Les contrastes polynomiaux son</comment>
                          <model>wikitext</model>
                          <format>text/x-wiki</format><text xml:space="preserve" bytes="12">Les contrastes polynomiaux sont un ensemble spécial de contrastes orthogonaux qui testent les modèles polynomiaux de données avec plus de deux moyennes (par exemple, linéaire, quadratique, cubique, quartique, etc.).
Polynomial contrasts are a special set of orthogonal contrasts that test polynomial patterns in data with more than two means (e.g., linear, quadratic, cubic, quartic, etc.).
a polynomial contrast is a contrast which...
Alejandra Gonzalez-Beltran
Jean-Marc Meunier
Orlaith Burke
Philippe Rocca-Serra
Contraste polynomial orthogonal

https://en.wikipedia.org/wiki/Contrast_(statistics)
 is a subclass from http://purl.obolibrary.org/obo/STATO_0000290
</text>
                          <sha1>753hugogitqwnlby9d3k5rdzsa58oj1</sha1>
                        </revision>
                      </page>
                    </mediawiki>