<mediawiki xmlns="http://www.mediawiki.org/xml/export-0.10/" xmlns:xsi="http://www.w3.org/2001/XMLSchema-instance" xsi:schemaLocation="http://www.mediawiki.org/xml/export-0.10/ http://www.mediawiki.org/xml/export-0.10.xsd" version="0.10" xml:lang="fr">
                   <page>
                      <title>Continuant spécifiquement dépendant</title>
                        <ns>0</ns>
                        <id>0</id>
                        <revision>
                          <id>0</id>
                          <timestamp>2020-07-08T19:59:41Z</timestamp>
                          <contributor>
                            <username>Romain</username>
                            <id>1</id>
                          </contributor>
                          <comment>specifically dependent continu</comment>
                          <model>wikitext</model>
                          <format>text/x-wiki</format><text xml:space="preserve" bytes="12">specifically dependent continuant
the color of a tomato
the disposition of fish to decay
the function of the heart in the body: to pump blood, to receive de-oxygenated and oxygenated blood, etc.
the liquidity of blood
the mass of a cloud
the role of being a doctor
the smell of mozzarella
A continuantthat inheres in or is borne by other entities. Every instance of A requires some specific instance of B which must always be the same.
Un continuant qui est inhérent ou est à la charge d&apos;autres entités. Chaque instance de A nécessite une instance particulière de B qui doit toujours être identique.
Jean-Marc Meunier
mode
property
trope
 is a subclass from Continuant dépendant
</text>
                          <sha1>753hugogitqwnlby9d3k5rdzsa58oj1</sha1>
                        </revision>
                      </page>
                    </mediawiki>