<mediawiki xmlns="http://www.mediawiki.org/xml/export-0.10/" xmlns:xsi="http://www.w3.org/2001/XMLSchema-instance" xsi:schemaLocation="http://www.mediawiki.org/xml/export-0.10/ http://www.mediawiki.org/xml/export-0.10.xsd" version="0.10" xml:lang="fr">
                   <page>
                      <title>Contraste de traitement</title>
                        <ns>0</ns>
                        <id>0</id>
                        <revision>
                          <id>0</id>
                          <timestamp>2020-07-08T19:59:52Z</timestamp>
                          <contributor>
                            <username>Romain</username>
                            <id>1</id>
                          </contributor>
                          <comment>Le contraste de traitement est</comment>
                          <model>wikitext</model>
                          <format>text/x-wiki</format><text xml:space="preserve" bytes="12">Le contraste de traitement est un contraste qui permet de tester comment les coefficients linéaires du modèle des variables catégorielles sont interprétés dans le cas où le &quot;premier&quot; niveau (càd, la ligne de base) est inclus dans l&apos;interception et tous les niveaux ultérieurs ont un coefficient qui représente leur différence par rapport à Ligne de base.
treatment contrast is a contrast which allows to test how linear model coefficients of categorical variables are interpreted in case wherethe “first” level (aka, the baseline) is included into the intercept and all subsequent levels have a coefficient that represents their difference from the baseline.
Alejandra Gonzalez-Beltran
Jean-Marc Meunier
Orlaith Burke
Philippe Rocca-Serra


 is a subclass from http://purl.obolibrary.org/obo/STATO_0000290
</text>
                          <sha1>753hugogitqwnlby9d3k5rdzsa58oj1</sha1>
                        </revision>
                      </page>
                    </mediawiki>