<mediawiki xmlns="http://www.mediawiki.org/xml/export-0.10/" xmlns:xsi="http://www.w3.org/2001/XMLSchema-instance" xsi:schemaLocation="http://www.mediawiki.org/xml/export-0.10/ http://www.mediawiki.org/xml/export-0.10.xsd" version="0.10" xml:lang="fr">
                   <page>
                      <title>data item label</title>
                        <ns>0</ns>
                        <id>0</id>
                        <revision>
                          <id>0</id>
                          <timestamp>2020-07-08T19:59:41Z</timestamp>
                          <contributor>
                            <username>Romain</username>
                            <id>1</id>
                          </contributor>
                          <comment>data item label
An information</comment>
                          <model>wikitext</model>
                          <format>text/x-wiki</format><text xml:space="preserve" bytes="12">data item label
An information content entity that is part of some data item and is used to partially define the denotation of that data item.
Un support d&apos;information qui est une partie d&apos;une donnée et est utilisée pour la dénotation de la donnée.
http://www.golovchenko.org/cgi-bin/wnsearch?q=label#4n
GROUP: IAO
Jean-Marc Meunier
datum label
 is a subclass from http://purl.obolibrary.org/obo/IAO_0000030
</text>
                          <sha1>753hugogitqwnlby9d3k5rdzsa58oj1</sha1>
                        </revision>
                      </page>
                    </mediawiki>