<mediawiki xmlns="http://www.mediawiki.org/xml/export-0.10/" xmlns:xsi="http://www.w3.org/2001/XMLSchema-instance" xsi:schemaLocation="http://www.mediawiki.org/xml/export-0.10/ http://www.mediawiki.org/xml/export-0.10.xsd" version="0.10" xml:lang="fr">
                   <page>
                      <title>Diagramme à barres empilées</title>
                        <ns>0</ns>
                        <id>0</id>
                        <revision>
                          <id>0</id>
                          <timestamp>2020-07-08T19:59:48Z</timestamp>
                          <contributor>
                            <username>Romain</username>
                            <id>1</id>
                          </contributor>
                          <comment>Le diagramme à barres empilé</comment>
                          <model>wikitext</model>
                          <format>text/x-wiki</format><text xml:space="preserve" bytes="12">Le diagramme à barres empilées est un diaggramme à barres qui permet de comparer les quantités globales entre les éléments tout en montrant la contribution de la catégorie au total. Le graphique à barres empilées peut être utilisé pour mettre en évidence visuellement toutes les catégories qu&apos;ils agrègent dans un groupe tout en indiquant la relation de la partie à au tout. L&apos;inconvénient est qu&apos;il devient plus difficile de comparer les des catégories entre elles.
Stacked bar chart is a bar which is used to compare overall quantities across items while showing the contribution of category to the total amount. Stacked bar chart can be usedfor highlighting the total as they visually aggregate all of the categories in a group while indicating a part to whole relationship. The downside is that it becomes harder to compare the sizes of the individual categories. 
Alejandra Gonzalez-Beltran
Jean-Marc Meunier
Orlaith Burke
Philippe Rocca-Serra


 is a subclass from http://purl.obolibrary.org/obo/STATO_0000166
</text>
                          <sha1>753hugogitqwnlby9d3k5rdzsa58oj1</sha1>
                        </revision>
                      </page>
                    </mediawiki>