<mediawiki xmlns="http://www.mediawiki.org/xml/export-0.10/" xmlns:xsi="http://www.w3.org/2001/XMLSchema-instance" xsi:schemaLocation="http://www.mediawiki.org/xml/export-0.10/ http://www.mediawiki.org/xml/export-0.10.xsd" version="0.10" xml:lang="fr">
                   <page>
                      <title>Diagramme de Lineweaver et Burk</title>
                        <ns>0</ns>
                        <id>0</id>
                        <revision>
                          <id>0</id>
                          <timestamp>2020-07-08T19:59:49Z</timestamp>
                          <contributor>
                            <username>Romain</username>
                            <id>1</id>
                          </contributor>
                          <comment>Le diagramme de Lineweaver-Bur</comment>
                          <model>wikitext</model>
                          <format>text/x-wiki</format><text xml:space="preserve" bytes="12">Le diagramme de Lineweaver-Burk est un graphiqu l&apos;équation Lineweaver-Burk de la cinétique enzymatique, décrite par Hans Lineweaver et Dean Burk en 1934. Le graphique fournit une méthode graphique utile pour l&apos;analyse de l&apos;équation de Michaelis-Menten.
Lineweaver-Burk plot is a graph whichis the graphical representation of the Lineweaver–Burk equation of enzyme kinetics, described by Hans Lineweaver and Dean Burk in 1934. The plot provides a useful graphical method for analysis of t

TODO: create &apos;inverse function&apos; and replace &apos;data transfo

Alejandra Gonzalez-Beltran
Jean-Marc Meunier
Orlaith Burke
Philippe Rocca-Serra
</text>
                          <sha1>753hugogitqwnlby9d3k5rdzsa58oj1</sha1>
                        </revision>
                      </page>
                    </mediawiki>