<mediawiki xmlns="http://www.mediawiki.org/xml/export-0.10/" xmlns:xsi="http://www.w3.org/2001/XMLSchema-instance" xsi:schemaLocation="http://www.mediawiki.org/xml/export-0.10/ http://www.mediawiki.org/xml/export-0.10.xsd" version="0.10" xml:lang="fr">
                   <page>
                      <title>Diagramme d&apos;éboulis</title>
                        <ns>0</ns>
                        <id>0</id>
                        <revision>
                          <id>0</id>
                          <timestamp>2020-07-08T19:59:54Z</timestamp>
                          <contributor>
                            <username>Romain</username>
                            <id>1</id>
                          </contributor>
                          <comment>A scree plot is a graphical di</comment>
                          <model>wikitext</model>
                          <format>text/x-wiki</format><text xml:space="preserve" bytes="12">A scree plot is a graphical display of the variance of each component in the dataset which is used to determine how many components should be retained in order to explain a high percentage of the variation in the data
Un diagramme d&apos;éboulis est une représentation graphique de la variance de chaque composant dans l&apos;ensemble de données qui est utilisé pour déterminer le nombre de composants à conserver afin d&apos;expliquer un pourcentage élevé de la variation des données
Alejandra Gonzalez-Beltran
Jean-Marc Meunier
Orlaith Burke
Philippe Rocca-Serra
http://www.stats.gla.ac.uk/glossary/?q=node/451
 is a subclass from Graphe
</text>
                          <sha1>753hugogitqwnlby9d3k5rdzsa58oj1</sha1>
                        </revision>
                      </page>
                    </mediawiki>