<mediawiki xmlns="http://www.mediawiki.org/xml/export-0.10/" xmlns:xsi="http://www.w3.org/2001/XMLSchema-instance" xsi:schemaLocation="http://www.mediawiki.org/xml/export-0.10/ http://www.mediawiki.org/xml/export-0.10.xsd" version="0.10" xml:lang="fr">
                   <page>
                      <title>Diagramme de Cleveland</title>
                        <ns>0</ns>
                        <id>0</id>
                        <revision>
                          <id>0</id>
                          <timestamp>2020-07-08T19:59:46Z</timestamp>
                          <contributor>
                            <username>Romain</username>
                            <id>1</id>
                          </contributor>
                          <comment>Cleveland dot plot is a dot pl</comment>
                          <model>wikitext</model>
                          <format>text/x-wiki</format><text xml:space="preserve" bytes="12">Cleveland dot plot is a dot plot which plots points that each belong to one of several categories. They are an alternative to bar charts or pie charts, and look somewhat like a horizontal bar chart where the bars are replaced by a dots at the values associated with each category. Compared to (vertical) bar charts and pie charts, Cleveland argues that dot plots allow more accurate interpretation of the graph by readers by making the labels easier to read, reducing non-data ink (or graph clutter) and supporting table look-up.which
Un diagramme de Cleveland est un diagramme de points qui trace des points qui appartiennent chacun à plusieurs catégories. Ils sont une alternative aux diagrammes à barres ou aux diagrammes circulaires, et ressemblent à un tableau de barres horizontal où les barres sont remplacées par des points associésaux valeurs de chaque catégorie. Par rapport aux diagrammes à barres (verticaux) et aux tableaux circulaires, un diagramme de Cleveland visent à permettre une interprétation plus précise du graphique en rendant les étiquettes plus faciles à lire.
Alejandra Gonzalez-Beltran
Jean-Marc Meunier
Orlaith Burke
Philippe Rocca-Serra


 is a subclass from Graphique àpoints
</text>
                          <sha1>753hugogitqwnlby9d3k5rdzsa58oj1</sha1>
                        </revision>
                      </page>
                    </mediawiki>