<mediawiki xmlns="http://www.mediawiki.org/xml/export-0.10/" xmlns:xsi="http://www.w3.org/2001/XMLSchema-instance" xsi:schemaLocation="http://www.mediawiki.org/xml/export-0.10/ http://www.mediawiki.org/xml/export-0.10.xsd" version="0.10" xml:lang="fr">
                   <page>
                      <title>Distribution multinomiale</title>
                        <ns>0</ns>
                        <id>0</id>
                        <revision>
                          <id>0</id>
                          <timestamp>2020-07-08T19:59:47Z</timestamp>
                          <contributor>
                            <username>Romain</username>
                            <id>1</id>
                          </contributor>
                          <comment>La loi binomiale concerne le n</comment>
                          <model>wikitext</model>
                          <format>text/x-wiki</format><text xml:space="preserve" bytes="12">La loi binomiale concerne le nombre de succès dans n épreuves de Bernoulli indépendantes donnant chacune un résultat binaire, comme dans le jeu de pile ou face. La loi multinomiale est une généralisation de celle-ci, applicable par exemple à n jets d&apos;un dé à six faces. Contrairement à ces exemples simples, les différentes possibilités ne sont généralement pas équiprobables.
the multinomial distribution is a probability distribution which gives the probability of any particular combination of numbers of successes for various categories defined in the context ofn independent trials each of which leads to a success for exactly one of k categories, with each category having a given fixed success probability.
Alejandra Gonzalez-Beltran
Jean-Marc Meunier
Orlaith Burke
Philippe Rocca-Serra


https://fr.wikipedia.org/wiki/Loi_multinomiale
 is a subclass from Loi de probabilités discrètes
</text>
                          <sha1>753hugogitqwnlby9d3k5rdzsa58oj1</sha1>
                        </revision>
                      </page>
                    </mediawiki>