<mediawiki xmlns="http://www.mediawiki.org/xml/export-0.10/" xmlns:xsi="http://www.w3.org/2001/XMLSchema-instance" xsi:schemaLocation="http://www.mediawiki.org/xml/export-0.10/ http://www.mediawiki.org/xml/export-0.10.xsd" version="0.10" xml:lang="fr">
                   <page>
                      <title>Distributionpar noyaux mixtes</title>
                        <ns>0</ns>
                        <id>0</id>
                        <revision>
                          <id>0</id>
                          <timestamp>2020-07-08T19:59:53Z</timestamp>
                          <contributor>
                            <username>Romain</username>
                            <id>1</id>
                          </contributor>
                          <comment>L&apos;estimation de la densit</comment>
                          <model>wikitext</model>
                          <format>text/x-wiki</format><text xml:space="preserve" bytes="12">L&apos;estimation de la densité par noyaux(KDE) est un moyen non paramétrique d&apos;estimer la fonction de densité de probabilité d&apos;une variable aléatoire.
kernel density estimation (KDE) is a non-parametric way to estimate the probability density function of a random variable
Alejandra Gonzalez-Beltran
Camille Maumet
Jean-Marc Meunier
Orlaith Burke
Philippe Rocca-Serra
Thomas Nichols
https://en.wikipedia.org/wiki/Kernel_density_estimation
https://reference.wolfram.com/language/ref/KernelMixtureDistribution.html
 is a subclass from http://purl.obolibrary.org/obo/STATO_0000225
</text>
                          <sha1>753hugogitqwnlby9d3k5rdzsa58oj1</sha1>
                        </revision>
                      </page>
                    </mediawiki>