<mediawiki xmlns="http://www.mediawiki.org/xml/export-0.10/" xmlns:xsi="http://www.w3.org/2001/XMLSchema-instance" xsi:schemaLocation="http://www.mediawiki.org/xml/export-0.10/ http://www.mediawiki.org/xml/export-0.10.xsd" version="0.10" xml:lang="fr">
                   <page>
                      <title>Distribution mixte</title>
                        <ns>0</ns>
                        <id>0</id>
                        <revision>
                          <id>0</id>
                          <timestamp>2020-07-08T19:59:53Z</timestamp>
                          <contributor>
                            <username>Romain</username>
                            <id>1</id>
                          </contributor>
                          <comment>La distribution mixte est la d</comment>
                          <model>wikitext</model>
                          <format>text/x-wiki</format><text xml:space="preserve" bytes="12">La distribution mixte est la distribution de probabilités d&apos;une variable aléatoire dérivée d&apos;une collection d&apos;autres variables aléatoires comme suit : premièrement, une variable aléatoire est sélectionnée par hasard à partir de la collecte selon les probabilités de sélection données, puis la valeur de la variable aléatoire sélectionnéeest réalisée.
Mixture distribution is the probability distribution of a random variable that is derived from a collection of other random variables as follows: first, a random variable is selected by chance from the collection according to given probabilities of selection, and then the value of the selected random variable is realized.
Traduction littérale que je ne comprends pas.
Alejandra Gonzalez-Beltran
Camille Maumet
Jean-Marc Meunier
Orlaith Burke
Philippe Rocca-Serra
Thomas Nichols
http://en.wikipedia.org/wiki/Mixture_distribution
 is a subclass from http://purl.obolibrary.org/obo/STATO_0000225
</text>
                          <sha1>753hugogitqwnlby9d3k5rdzsa58oj1</sha1>
                        </revision>
                      </page>
                    </mediawiki>