<mediawiki xmlns="http://www.mediawiki.org/xml/export-0.10/" xmlns:xsi="http://www.w3.org/2001/XMLSchema-instance" xsi:schemaLocation="http://www.mediawiki.org/xml/export-0.10/ http://www.mediawiki.org/xml/export-0.10.xsd" version="0.10" xml:lang="fr">
                   <page>
                      <title>Ecart interquartile</title>
                        <ns>0</ns>
                        <id>0</id>
                        <revision>
                          <id>0</id>
                          <timestamp>2020-07-08T19:59:48Z</timestamp>
                          <contributor>
                            <username>Romain</username>
                            <id>1</id>
                          </contributor>
                          <comment>En statistiques, l’écart in</comment>
                          <model>wikitext</model>
                          <format>text/x-wiki</format><text xml:space="preserve" bytes="12">En statistiques, l’écart interquartile ou étendue interquartile (EI) est une mesure de dispersion qui s&apos;obtient en faisant la différence entre le troisième et le premier quartile :
The interquartile range is a data item which corresponds to the difference between the upper quartile (3rd quartile) and

Alejandra Gonzalez-Beltran
Jean-Marc Meunier
Orlaith Burke
Philippe Rocca-Serra
Etendue interquartile
STATO adapted from wikipedia, wolfram alpha and oxford dictionary of statistics
https://fr.wikipedia.org/wiki/%C3%89cart_interquartile
 is a subclass from http://purl.obolibrary.org/obo/STATO_0000028
</text>
                          <sha1>753hugogitqwnlby9d3k5rdzsa58oj1</sha1>
                        </revision>
                      </page>
                    </mediawiki>