<mediawiki xmlns="http://www.mediawiki.org/xml/export-0.10/" xmlns:xsi="http://www.w3.org/2001/XMLSchema-instance" xsi:schemaLocation="http://www.mediawiki.org/xml/export-0.10/ http://www.mediawiki.org/xml/export-0.10.xsd" version="0.10" xml:lang="fr">
                   <page>
                      <title>Etiquette catégorielle</title>
                        <ns>0</ns>
                        <id>0</id>
                        <revision>
                          <id>0</id>
                          <timestamp>2020-07-08T19:59:43Z</timestamp>
                          <contributor>
                            <username>Romain</username>
                            <id>1</id>
                          </contributor>
                          <comment>categorical label
The labels &</comment>
                          <model>wikitext</model>
                          <format>text/x-wiki</format><text xml:space="preserve" bytes="12">categorical label
The labels &apos;positive&apos; vs. &apos;negative&apos;, or &apos;left handed&apos;, &apos;right handed&apos;, &apos;ambidexterous&apos;, or &apos;strongly binding&apos;, &apos;weakly binding&apos; , &apos;not binding&apos;, or &apos;+++&apos;, &apos;++&apos;, &apos;+&apos;, &apos;-&apos; etc. form scales of categorical labels. 
A label that is part of a categorical datum and that indicates the value of the data item on the categorical scale.
Une etiquette qui est une partie d&apos;une donnée catégorielle et indique la valeur de la donnée dans l&apos;échelle catégorielle.
Bjoern Peters
Jean-Marc Meunier
Modalité
 is a subclass from data item label
</text>
                          <sha1>753hugogitqwnlby9d3k5rdzsa58oj1</sha1>
                        </revision>
                      </page>
                    </mediawiki>