<mediawiki xmlns="http://www.mediawiki.org/xml/export-0.10/" xmlns:xsi="http://www.w3.org/2001/XMLSchema-instance" xsi:schemaLocation="http://www.mediawiki.org/xml/export-0.10/ http://www.mediawiki.org/xml/export-0.10.xsd" version="0.10" xml:lang="fr">
                   <page>
                      <title>genetic alteration information</title>
                        <ns>0</ns>
                        <id>0</id>
                        <revision>
                          <id>0</id>
                          <timestamp>2020-07-08T19:59:44Z</timestamp>
                          <contributor>
                            <username>Romain</username>
                            <id>1</id>
                          </contributor>
                          <comment>genetic alteration information</comment>
                          <model>wikitext</model>
                          <format>text/x-wiki</format><text xml:space="preserve" bytes="12">genetic alteration information
a genetic characteristics information that is about known changes or the lack thereof from the genetic background, including allele information, duplication, insertion, deletion, etc.
proposed and discussed on San Diego OBI workshop, March 2011
Group: OBI group
Group: OBI group
 is a subclass from http://purl.obolibrary.org/obo/OBI_0001404
</text>
                          <sha1>753hugogitqwnlby9d3k5rdzsa58oj1</sha1>
                        </revision>
                      </page>
                    </mediawiki>