<mediawiki xmlns="http://www.mediawiki.org/xml/export-0.10/" xmlns:xsi="http://www.w3.org/2001/XMLSchema-instance" xsi:schemaLocation="http://www.mediawiki.org/xml/export-0.10/ http://www.mediawiki.org/xml/export-0.10.xsd" version="0.10" xml:lang="fr">
                   <page>
                      <title>genetic population background information</title>
                        <ns>0</ns>
                        <id>0</id>
                        <revision>
                          <id>0</id>
                          <timestamp>2020-07-08T19:59:43Z</timestamp>
                          <contributor>
                            <username>Romain</username>
                            <id>1</id>
                          </contributor>
                          <comment>genetic population background </comment>
                          <model>wikitext</model>
                          <format>text/x-wiki</format><text xml:space="preserve" bytes="12">genetic population background information
genotype information &apos;C57BL/6JHnf1a+/-&apos; in this case, C57BL/6J is the genetic population background information
a genetic characteristics information which is a part of genotype information that identifies the population of organisms
proposed and discussed on San Diego OBI workshop, March 2011
Group: OBI group
Group: OBI group
 is a subclass from http://purl.obolibrary.org/obo/OBI_0001404
</text>
                          <sha1>753hugogitqwnlby9d3k5rdzsa58oj1</sha1>
                        </revision>
                      </page>
                    </mediawiki>