<mediawiki xmlns="http://www.mediawiki.org/xml/export-0.10/" xmlns:xsi="http://www.w3.org/2001/XMLSchema-instance" xsi:schemaLocation="http://www.mediawiki.org/xml/export-0.10/ http://www.mediawiki.org/xml/export-0.10.xsd" version="0.10" xml:lang="fr">
                   <page>
                      <title>Hypothèse d&apos;absence de surreprésentation</title>
                        <ns>0</ns>
                        <id>0</id>
                        <revision>
                          <id>0</id>
                          <timestamp>2020-07-08T19:59:52Z</timestamp>
                          <contributor>
                            <username>Romain</username>
                            <id>1</id>
                          </contributor>
                          <comment>L&apos;hypothèse d&apos;absen</comment>
                          <model>wikitext</model>
                          <format>text/x-wiki</format><text xml:space="preserve" bytes="12">L&apos;hypothèse d&apos;absence de surreprésentationest une hypothèse qui suppose que la surreprésentation d&apos;un élément significativement supérieur à un seuil n&apos;existe pas.
absence of enrichment difference hypothesis is a hypothesis which assumes that the representation of an element significantly greater than a threshold does not exist.
Alejandra Gonzalez-Beltran
Jean-Marc Meunier
Orlaith Burke
Philippe Rocca-Serra
absence of over representation hypothesis
STATO
 is a subclass from Hypothèse d&apos;absence de différence positive
</text>
                          <sha1>753hugogitqwnlby9d3k5rdzsa58oj1</sha1>
                        </revision>
                      </page>
                    </mediawiki>