<mediawiki xmlns="http://www.mediawiki.org/xml/export-0.10/" xmlns:xsi="http://www.w3.org/2001/XMLSchema-instance" xsi:schemaLocation="http://www.mediawiki.org/xml/export-0.10/ http://www.mediawiki.org/xml/export-0.10.xsd" version="0.10" xml:lang="fr">
                   <page>
                      <title>Liste des gènes</title>
                        <ns>0</ns>
                        <id>0</id>
                        <revision>
                          <id>0</id>
                          <timestamp>2020-07-08T19:59:42Z</timestamp>
                          <contributor>
                            <username>Romain</username>
                            <id>1</id>
                          </contributor>
                          <comment>gene list
Gene lists may arise</comment>
                          <model>wikitext</model>
                          <format>text/x-wiki</format><text xml:space="preserve" bytes="12">gene list
Gene lists may arise from analysis to determine differentially expressed genes, may be collected from the literature for involvement in a particular process or pathway (e.g., inflammation), or may be the input for gene set enrichment analysis.
A data set of the names or identifiers of genes that are the outcome of an analysis or have been put together for the purpose of an analysis.
Un ensemble de données des noms ou des identificateurs de gènes qui sont le résultat d&apos;une analyse ou ont été mis en place dans le but d&apos;une analyse.
Jean-Marc Meunier
person:Chris Stoeckert
group:OBI
kind of report. (alan) need to be careful to distinguish from output of a data transformation or calculation. A gene list is a report when it is published as such? Relates to question of whether report is a whole, or whether it can be a part of some other narrative object.
 is a subclass from http://purl.obolibrary.org/obo/IAO_0000100
</text>
                          <sha1>753hugogitqwnlby9d3k5rdzsa58oj1</sha1>
                        </revision>
                      </page>
                    </mediawiki>