<mediawiki xmlns="http://www.mediawiki.org/xml/export-0.10/" xmlns:xsi="http://www.w3.org/2001/XMLSchema-instance" xsi:schemaLocation="http://www.mediawiki.org/xml/export-0.10/ http://www.mediawiki.org/xml/export-0.10.xsd" version="0.10" xml:lang="fr">
                   <page>
                      <title>Modèle mixte</title>
                        <ns>0</ns>
                        <id>0</id>
                        <revision>
                          <id>0</id>
                          <timestamp>2020-07-08T19:59:49Z</timestamp>
                          <contributor>
                            <username>Romain</username>
                            <id>1</id>
                          </contributor>
                          <comment>A mixed model is a statistical</comment>
                          <model>wikitext</model>
                          <format>text/x-wiki</format><text xml:space="preserve" bytes="12">A mixed model is a statistical model containing both fixed effects and random effects
Un modèle mixte est un modèle statistique qui comporte à la fois des effets fixes et des effets aléatoires. Ce type de modèle est utile dans une grande variété de domaines, tels que la physique, la biologie ou encore les sciences sociales. Les modèles mixtes sont particulièrement utiles dans les situations où des mesures répétées sont effectuées sur les mêmes variables (étude longitudinale). Ils sont souvent préférés à d&apos;autres approches telle que rANOVA, dans le mesure où ils peuvent être utilisés dans le cas où le jeu de données présente des valeurs manquantes.
PRS: this is a stub and more work is needed to reconcile conflicting definitions
Alejandra Gonzalez-Beltran
Jean-Marc Meunier
Orlaith Burke
Philippe Rocca-Serra
adapted from wikipedia
https://fr.wikipedia.org/wiki/Mod%C3%A8le_mixte
 is a subclass from http://purl.obolibrary.org/obo/STATO_0000107
</text>
                          <sha1>753hugogitqwnlby9d3k5rdzsa58oj1</sha1>
                        </revision>
                      </page>
                    </mediawiki>