<mediawiki xmlns="http://www.mediawiki.org/xml/export-0.10/" xmlns:xsi="http://www.w3.org/2001/XMLSchema-instance" xsi:schemaLocation="http://www.mediawiki.org/xml/export-0.10/ http://www.mediawiki.org/xml/export-0.10.xsd" version="0.10" xml:lang="fr">
                   <page>
                      <title>Modèle de régression</title>
                        <ns>0</ns>
                        <id>0</id>
                        <revision>
                          <id>0</id>
                          <timestamp>2020-07-08T19:59:54Z</timestamp>
                          <contributor>
                            <username>Romain</username>
                            <id>1</id>
                          </contributor>
                          <comment>A regression model is a statis</comment>
                          <model>wikitext</model>
                          <format>text/x-wiki</format><text xml:space="preserve" bytes="12">A regression model is a statistical model used in a type of analysis knowns as regression analysis, whereby a function is used to determine the relation between a response variable and an independent variable , with a set of unknown parameters.
Un modèle de régression est un modèle statistique utilisé dans un type d&apos;analyse connu sous le nom d&apos;analyse de régression, selon lequel une fonction est utilisée pour déterminer la relation entre une variable de réponse et une variable indépendante, avec un ensemble de paramètres inconnus.
Jean-Marc Meunier
Philippe Rocca-Serra


 is a subclass from http://purl.obolibrary.org/obo/STATO_0000107
</text>
                          <sha1>753hugogitqwnlby9d3k5rdzsa58oj1</sha1>
                        </revision>
                      </page>
                    </mediawiki>