<mediawiki xmlns="http://www.mediawiki.org/xml/export-0.10/" xmlns:xsi="http://www.w3.org/2001/XMLSchema-instance" xsi:schemaLocation="http://www.mediawiki.org/xml/export-0.10/ http://www.mediawiki.org/xml/export-0.10.xsd" version="0.10" xml:lang="fr">
                   <page>
                      <title>Moyenne géométrique</title>
                        <ns>0</ns>
                        <id>0</id>
                        <revision>
                          <id>0</id>
                          <timestamp>2020-07-08T19:59:54Z</timestamp>
                          <contributor>
                            <username>Romain</username>
                            <id>1</id>
                          </contributor>
                          <comment>The geometric mean of two numb</comment>
                          <model>wikitext</model>
                          <format>text/x-wiki</format><text xml:space="preserve" bytes="12">The geometric mean of two numbers, say 2 and 8, is just the square root of their product; that is sqrt(2 x 8)=4
 The geometric mean is defined as the nth root of the product of n numbers, i.e., for a set of numbers \{x_i\}_{i=1}^N, the geometric mean is defined as \left(\prod_{i=1}^N x_i\right)^{1/N}.
La moyenne géométrique de n valeurs positives xi est la racine nième du produit de ces valeurs.
Alejandra Gonzalez-Beltran
Jean-Marc Meunier
Orlaith Burke
Philippe Rocca-Serra
https://en.wikipedia.org/wi

 is a subclass from http://purl.obolibrary.org/obo/STATO_0000029
</text>
                          <sha1>753hugogitqwnlby9d3k5rdzsa58oj1</sha1>
                        </revision>
                      </page>
                    </mediawiki>