<mediawiki xmlns="http://www.mediawiki.org/xml/export-0.10/" xmlns:xsi="http://www.w3.org/2001/XMLSchema-instance" xsi:schemaLocation="http://www.mediawiki.org/xml/export-0.10/ http://www.mediawiki.org/xml/export-0.10.xsd" version="0.10" xml:lang="fr">
                   <page>
                      <title>Objectif de correction</title>
                        <ns>0</ns>
                        <id>0</id>
                        <revision>
                          <id>0</id>
                          <timestamp>2020-07-08T19:59:44Z</timestamp>
                          <contributor>
                            <username>Romain</username>
                            <id>1</id>
                          </contributor>
                          <comment>correction objective
Type I er</comment>
                          <model>wikitext</model>
                          <format>text/x-wiki</format><text xml:space="preserve" bytes="12">correction objective
Type I error correction
A correction objective is a data transformation objective where the aim is to correct for error, noise or other impairments to the input of the data transformation or derived from the data transformation itself
Jean-Marc Meunier
Un objectif de correction est un objectif de transformation de données dans lequel l&apos;objectif est de corriger l&apos;erreur, le bruit ou d&apos;autres déficiences des données d&apos;entrée de la transformation de données ou dérivé de la transformation de données elle-même.
James Malone
PERSON: James Malone
PERSON: Melanie Courtot
 is a subclass from Objectif de transformation des données
</text>
                          <sha1>753hugogitqwnlby9d3k5rdzsa58oj1</sha1>
                        </revision>
                      </page>
                    </mediawiki>