<mediawiki xmlns="http://www.mediawiki.org/xml/export-0.10/" xmlns:xsi="http://www.w3.org/2001/XMLSchema-instance" xsi:schemaLocation="http://www.mediawiki.org/xml/export-0.10/ http://www.mediawiki.org/xml/export-0.10.xsd" version="0.10" xml:lang="fr">
                   <page>
                      <title>Objectif d&apos;analyse d&apos;expression différentielle</title>
                        <ns>0</ns>
                        <id>0</id>
                        <revision>
                          <id>0</id>
                          <timestamp>2020-07-08T19:59:44Z</timestamp>
                          <contributor>
                            <username>Romain</username>
                            <id>1</id>
                          </contributor>
                          <comment>differential expression analys</comment>
                          <model>wikitext</model>
                          <format>text/x-wiki</format><text xml:space="preserve" bytes="12">differential expression analysis objective
Analyses implemented by the SAM (http://www-stat.stanford.edu/~tibs/SAM), PaGE (www.cbil.upenn.edu/PaGE) or GSEA (www.broad.mit.edu/gsea/) algorithms and software
A differential expression analysis objective is a data transformation objective whose input consists of expression levels of entities (such as transcripts or proteins), or of sets of such expression levels, under two or more conditions and whose output reflects which of these are likely to have different expression across such conditions.
Jean-Marc Meunier
Un objectif d&apos;analyse d&apos;expression différentielle est un objectif de transformation de données dont l&apos;entrée consiste en des niveaux d&apos;expression d&apos;entités (telles que des transcrits ou des protéines), ou d&apos;ensembles de tels niveaux d&apos;expression, sous deux ou plusieurs conditions et dont la sortie reflète celles qui sont susceptibles d&apos;avoir une expression différente dans ces conditions.
Elisabetta Manduchi
Jean-Marc Meunier
PERSON: Elisabetta Manduchi
 is a subclass from Objectif de transformation des données
</text>
                          <sha1>753hugogitqwnlby9d3k5rdzsa58oj1</sha1>
                        </revision>
                      </page>
                    </mediawiki>