<mediawiki xmlns="http://www.mediawiki.org/xml/export-0.10/" xmlns:xsi="http://www.w3.org/2001/XMLSchema-instance" xsi:schemaLocation="http://www.mediawiki.org/xml/export-0.10/ http://www.mediawiki.org/xml/export-0.10.xsd" version="0.10" xml:lang="fr">
                   <page>
                      <title>participant under investigation role</title>
                        <ns>0</ns>
                        <id>0</id>
                        <revision>
                          <id>0</id>
                          <timestamp>2020-07-08T19:59:42Z</timestamp>
                          <contributor>
                            <username>Romain</username>
                            <id>1</id>
                          </contributor>
                          <comment>participant under investigatio</comment>
                          <model>wikitext</model>
                          <format>text/x-wiki</format><text xml:space="preserve" bytes="12">participant under investigation role
A role that is realized through the execution of a study design in which the bearer of the role participates and in which data about that bearer is collected.
A participant can realize both &quot;specimen role&quot; and &quot;participant under investigation role&quot; at the same time. However &quot;participant under investigation role&quot; is distinct from &quot;specimen role&quot;, since a specimen could somehow be involved in an investigation without being the thing that is under investigation.
GROUP:Role Branch
OBI
 is a subclass from role
</text>
                          <sha1>753hugogitqwnlby9d3k5rdzsa58oj1</sha1>
                        </revision>
                      </page>
                    </mediawiki>