<mediawiki xmlns="http://www.mediawiki.org/xml/export-0.10/" xmlns:xsi="http://www.w3.org/2001/XMLSchema-instance" xsi:schemaLocation="http://www.mediawiki.org/xml/export-0.10/ http://www.mediawiki.org/xml/export-0.10.xsd" version="0.10" xml:lang="fr">
                   <page>
                      <title>phenotype</title>
                        <ns>0</ns>
                        <id>0</id>
                        <revision>
                          <id>0</id>
                          <timestamp>2020-07-08T19:59:45Z</timestamp>
                          <contributor>
                            <username>Romain</username>
                            <id>1</id>
                          </contributor>
                          <comment>phenotype
A (combination of) q</comment>
                          <model>wikitext</model>
                          <format>text/x-wiki</format><text xml:space="preserve" bytes="12">phenotype
A (combination of) quality(ies) of an organism determined by the interaction of its genetic make-up and environment that differentiates specific instances of a species from other instances of the same species.
En génétique, le phénotype est l&apos;ensemble des traits observables d&apos;un individu. Très souvent, l&apos;usage de ce terme est plus restrictif : le phénotype est alors considéré au niveau d&apos;un seul caractère, à l&apos;échelle cellulaire ou encore moléculaire. L&apos;ensemble des phénotypes observables chez les individus d&apos;une espèce donnée est parfois appelé le phénome.
Jean-Marc Meunier
Phénotype
https://fr.wikipedia.org/wiki/Ph%C3%A9notype
 is a subclass from Qualité
</text>
                          <sha1>753hugogitqwnlby9d3k5rdzsa58oj1</sha1>
                        </revision>
                      </page>
                    </mediawiki>