<mediawiki xmlns="http://www.mediawiki.org/xml/export-0.10/" xmlns:xsi="http://www.w3.org/2001/XMLSchema-instance" xsi:schemaLocation="http://www.mediawiki.org/xml/export-0.10/ http://www.mediawiki.org/xml/export-0.10.xsd" version="0.10" xml:lang="fr">
                   <page>
                      <title>Planification</title>
                        <ns>0</ns>
                        <id>0</id>
                        <revision>
                          <id>0</id>
                          <timestamp>2020-07-08T19:59:42Z</timestamp>
                          <contributor>
                            <username>Romain</username>
                            <id>1</id>
                          </contributor>
                          <comment>planning
The process of a scie</comment>
                          <model>wikitext</model>
                          <format>text/x-wiki</format><text xml:space="preserve" bytes="12">planning
The process of a scientist thinking about and deciding what reagents to use as part of a protocol for an experiment. Note that the scientist could be human or a &quot;robot scientist&quot; executing software.
Processus de création ou de modification d&apos;un plan.
a process of creating or modifying a plan specification
7/18/2011 BP: planning used to itself be a planned process. Barry Smith pointed out that this would lead to an infinite regression, as there would have to be a plan to conduct a planning process, which in itself would be the result of planning etc. Therefore, the restrictions on &apos;planning&apos; were loosened to allow for informal processes that result in an &apos;ad hoc plan &apos;. This required changing from &apos;has_specified_output some plan specifiction&apos; to &apos;has_participant some plan specification&apos;. 
Bjoern Peters
Jean-Marc Meunier
Bjoern Peters
Plans and Planned Processes Branch
</text>
                          <sha1>753hugogitqwnlby9d3k5rdzsa58oj1</sha1>
                        </revision>
                      </page>
                    </mediawiki>