<mediawiki xmlns="http://www.mediawiki.org/xml/export-0.10/" xmlns:xsi="http://www.w3.org/2001/XMLSchema-instance" xsi:schemaLocation="http://www.mediawiki.org/xml/export-0.10/ http://www.mediawiki.org/xml/export-0.10.xsd" version="0.10" xml:lang="fr">
                   <page>
                      <title>Quartile</title>
                        <ns>0</ns>
                        <id>0</id>
                        <revision>
                          <id>0</id>
                          <timestamp>2020-07-08T19:59:48Z</timestamp>
                          <contributor>
                            <username>Romain</username>
                            <id>1</id>
                          </contributor>
                          <comment>En statistique descriptive, un</comment>
                          <model>wikitext</model>
                          <format>text/x-wiki</format><text xml:space="preserve" bytes="12">En statistique descriptive, un quartile est chacune des trois valeurs qui divisent les données triées en quatre parts égales, de sorte que chaque partie représente 1/4 de l&apos;échantillon de population.
a quartile is a quantile which splits data into sections accrued of 25% of data, so the first quartile delineates 25% of the data, the second quartile delineates 50% of the data and the third quartile, 75 % of the data
Ne serait-il pas intéressant de donner une valeur à chaque quartile plutôt que de décliner trois sous classes ?
Alejandra Gonzalez-Beltran
Jean-Marc Meunier
Orlaith Burke
Philippe Rocca-Serra
STATO, adapted from wikipedia (http://en.wikipedia.org/wiki/Quartile)
https://fr.wikipedia.org/wiki/Quartile
 is a subclass from http://purl.obolibrary.org/obo/STATO_0000291
</text>
                          <sha1>753hugogitqwnlby9d3k5rdzsa58oj1</sha1>
                        </revision>
                      </page>
                    </mediawiki>