<mediawiki xmlns="http://www.mediawiki.org/xml/export-0.10/" xmlns:xsi="http://www.w3.org/2001/XMLSchema-instance" xsi:schemaLocation="http://www.mediawiki.org/xml/export-0.10/ http://www.mediawiki.org/xml/export-0.10.xsd" version="0.10" xml:lang="fr">
                   <page>
                      <title>Rapport signal sur bruit</title>
                        <ns>0</ns>
                        <id>0</id>
                        <revision>
                          <id>0</id>
                          <timestamp>2020-07-08T19:59:46Z</timestamp>
                          <contributor>
                            <username>Romain</username>
                            <id>1</id>
                          </contributor>
                          <comment>Le rapport signal / bruit est </comment>
                          <model>wikitext</model>
                          <format>text/x-wiki</format><text xml:space="preserve" bytes="12">Le rapport signal / bruit est une donnée comparant la quantité de données significatives, utiles ou intéressantes (le signal) à la quantité de données non pertinentes ou fausses (le bruit). Selon le domaine et le domaine d&apos;application, différentes variables seront utilisées pour déterminer un «rapport signal / bruit». En statistiques, la définition du rapport signal / bruit est le rapport entre la moyenne d&apos;une mesure et son écart-type. Il correspond donc à l&apos;inverse du coefficient de variation.
signal to noise ratio is a measurement datum comparing the amount of meaningful, useful or interesting data (the signal) to the amount of irrelevant or false data (the noise). Depending on the field and domain of application, different variables will be used to determinate a &apos;signal to noise ratio&apos;. In statistics, the definition of signal to noise ratio is the ratio of the mean of a measurement to its standard deviation. It thus corresponds to the inverse of the coefficient of variation
Alejandra Gonzalez-Beltran
Jean-Marc Meunier
Orlaith Burke
Philippe Rocca-Serra


 is a subclass from http://purl.obolibrary.org/obo/STATO_0000184
</text>
                          <sha1>753hugogitqwnlby9d3k5rdzsa58oj1</sha1>
                        </revision>
                      </page>
                    </mediawiki>