<mediawiki xmlns="http://www.mediawiki.org/xml/export-0.10/" xmlns:xsi="http://www.w3.org/2001/XMLSchema-instance" xsi:schemaLocation="http://www.mediawiki.org/xml/export-0.10/ http://www.mediawiki.org/xml/export-0.10.xsd" version="0.10" xml:lang="fr">
                   <page>
                      <title>Registre de CRID</title>
                        <ns>0</ns>
                        <id>0</id>
                        <revision>
                          <id>0</id>
                          <timestamp>2020-07-08T19:59:42Z</timestamp>
                          <contributor>
                            <username>Romain</username>
                            <id>1</id>
                          </contributor>
                          <comment>CRID registry
PubMed and GenBa</comment>
                          <model>wikitext</model>
                          <format>text/x-wiki</format><text xml:space="preserve" bytes="12">CRID registry
PubMed and GenBank both have CRID registries as parts of their database systems.
A data set that consists of CRIDs (centrally registered identifier) and additional information about their corresponding entities, that were recorded in the dataset through an assigning a centrally registered identifier process.
Un ensemble de données composé de CRID (identifiant enregistré centralement) et d&apos;informations supplémentaires sur leurs entités correspondantes, qui ont été enregistrés dans l&apos;ensemble de données par l&apos;attribution d&apos;un processus d&apos;identification centralisé.
IAO call, 20101124: PubMed registry is an instance of CRID registry
Jean-Marc Meunier
PERSON: Alan Ruttenberg
PERSON: Bill Hogan
PERSON: Bjoern Peters
PERSON: Melanie Courtot
centrally registered identifier registry
Original proposal from Bjoern, discussions at IAO calls
 is a subclass from http://purl.obolibrary.org/obo/IAO_0000100
</text>
                          <sha1>753hugogitqwnlby9d3k5rdzsa58oj1</sha1>
                        </revision>
                      </page>
                    </mediawiki>