<mediawiki xmlns="http://www.mediawiki.org/xml/export-0.10/" xmlns:xsi="http://www.w3.org/2001/XMLSchema-instance" xsi:schemaLocation="http://www.mediawiki.org/xml/export-0.10/ http://www.mediawiki.org/xml/export-0.10.xsd" version="0.10" xml:lang="fr">
                   <page>
                      <title>threshold cycle</title>
                        <ns>0</ns>
                        <id>0</id>
                        <revision>
                          <id>0</id>
                          <timestamp>2020-07-08T19:59:49Z</timestamp>
                          <contributor>
                            <username>Romain</username>
                            <id>1</id>
                          </contributor>
                          <comment>Threshold cycle (or Ct or Cq) </comment>
                          <model>wikitext</model>
                          <format>text/x-wiki</format><text xml:space="preserve" bytes="12">Threshold cycle (or Ct or Cq) is a count which is defined as the fractional PCR cycle number at which the reporter fluorescence is greater than the threshold in the context of the RT-qPCR assay. The Ct is a basic principle of real time PCR and is an essential component in producing accurate and reproducible data.
Alejandra Gonzalez-Beltran
Orlaith Burke
Philippe Rocca-Serra
Cq
Ct
http://www.ncbi.nlm.nih.gov/genome/probe/doc/TechQPCR.shtml
 is a subclass from number of PCR cycle
</text>
                          <sha1>753hugogitqwnlby9d3k5rdzsa58oj1</sha1>
                        </revision>
                      </page>
                    </mediawiki>