<mediawiki xmlns="http://www.mediawiki.org/xml/export-0.10/" xmlns:xsi="http://www.w3.org/2001/XMLSchema-instance" xsi:schemaLocation="http://www.mediawiki.org/xml/export-0.10/ http://www.mediawiki.org/xml/export-0.10.xsd" version="0.10" xml:lang="fr">
                   <page>
                      <title>Variation relative</title>
                        <ns>0</ns>
                        <id>0</id>
                        <revision>
                          <id>0</id>
                          <timestamp>2020-07-08T19:59:49Z</timestamp>
                          <contributor>
                            <username>Romain</username>
                            <id>1</id>
                          </contributor>
                          <comment>Fold change is a number descri</comment>
                          <model>wikitext</model>
                          <format>text/x-wiki</format><text xml:space="preserve" bytes="12">Fold change is a number describing how much a quantity changes going from an initial to a final value or one condition to another condition
La variation relative est le un nombre qui exprime ce que représente un changement ou une variation par rapport à la situation initiale (situation de référence) et se calcule de la façon suivante avec pour la valeur de départ A et la valeur d&apos;arrivée B : (B-A)/A. Il s&apos;exprime parfois en pourcentage en multipliant par 100 le résultat.


Alejandra Gonzalez-Beltran
Jean-Marc Meunier
Orlaith Burke
Philippe Rocca-Serra
http://en.wikipedia.org/wiki/Fold_change
 is a subclass from Rapport sans dimension
</text>
                          <sha1>753hugogitqwnlby9d3k5rdzsa58oj1</sha1>
                        </revision>
                      </page>
                    </mediawiki>