<mediawiki xmlns="http://www.mediawiki.org/xml/export-0.10/" xmlns:xsi="http://www.w3.org/2001/XMLSchema-instance" xsi:schemaLocation="http://www.mediawiki.org/xml/export-0.10/ http://www.mediawiki.org/xml/export-0.10.xsd" version="0.10" xml:lang="fr">
                   <page>
                      <title>IceCream</title>
                        <ns>0</ns>
                        <id>0</id>
                        <revision>
                          <id>0</id>
                          <timestamp>2020-07-08T20:07:13Z</timestamp>
                          <contributor>
                            <username>Romain</username>
                            <id>1</id>
                          </contributor>
                          <comment> contient A class to demonstra</comment>
                          <model>wikitext</model>
                          <format>text/x-wiki</format><text xml:space="preserve" bytes="12"> contient A class to demonstrate mistakes made with setting a property domain. The property hasTopping has a domain of Pizza. This means that the reasoner can infer that all individuals using the hasTopping property must be of type Pizza. Because of the restriction on this class, all members of IceCream must use the hasTopping property, and therefore must also be members of Pizza. However, Pizza and IceCream are disjoint, so this causes an inconsistency. If they were not disjoint, IceCream would be inferred to be a subclass of Pizza. is a subclass from Food</text>
                          <sha1>753hugogitqwnlby9d3k5rdzsa58oj1</sha1>
                        </revision>
                      </page>
                    </mediawiki>