<mediawiki xmlns="http://www.mediawiki.org/xml/export-0.10/" xmlns:xsi="http://www.w3.org/2001/XMLSchema-instance" xsi:schemaLocation="http://www.mediawiki.org/xml/export-0.10/ http://www.mediawiki.org/xml/export-0.10.xsd" version="0.10" xml:lang="fr">
                   <page>
                      <title>Continuant dépendant</title>
                        <ns>0</ns>
                        <id>0</id>
                        <revision>
                          <id>0</id>
                          <timestamp>2020-07-08T18:27:47Z</timestamp>
                          <contributor>
                            <username>Romain</username>
                            <id>1</id>
                          </contributor>
                          <comment>dependent continuant
A continu</comment>
                          <model>wikitext</model>
                          <format>text/x-wiki</format><text xml:space="preserve" bytes="12">dependent continuant
A continuantthat is either dependent on one or other independent continuantbearers or inheres in or is borne by other entities.
Un continuant qui dépend soit d&apos;unporteur indépendant, soit est inhérent à ou est supporté par d&apos;autres entités.
{{ #viki:pageTitles=Continuant dépendant}}[http://localhost/mediawiki-1.34.1/index.php/continuant
  is a subclass from continuant
]</text>
                          <sha1>753hugogitqwnlby9d3k5rdzsa58oj1</sha1>
                        </revision>
                      </page>
                    </mediawiki>