<mediawiki xmlns="http://www.mediawiki.org/xml/export-0.10/" xmlns:xsi="http://www.w3.org/2001/XMLSchema-instance" xsi:schemaLocation="http://www.mediawiki.org/xml/export-0.10/ http://www.mediawiki.org/xml/export-0.10.xsd" version="0.10" xml:lang="fr">
                   <page>
                      <title>Qualité</title>
                        <ns>0</ns>
                        <id>0</id>
                        <revision>
                          <id>0</id>
                          <timestamp>2020-07-08T18:27:47Z</timestamp>
                          <contributor>
                            <username>Romain</username>
                            <id>1</id>
                          </contributor>
                          <comment>quality
the ambient temperatur</comment>
                          <model>wikitext</model>
                          <format>text/x-wiki</format><text xml:space="preserve" bytes="12">quality
the ambient temperature of air
the circumference of a waist
the color of a tomato
the mass of a piece of gold
the shape of a nose
the weight of a chimpanzee
A specifically dependent continuantthat is exhibited if it inheres in an entity or entities at all (a categorical property).
Un continuant spécifiquement dépendant qui est exposé s&apos;il est inhérent à une entité ou à des entités du tout (une propriété catégorique).
Jean-Marc Meunier
{{ #viki:pageTitles=Qualité}}[http://localhost/mediawiki-1.34.1/index.php/dépendant
  is a subclass from Continuant spécifiquement dépendant
]</text>
                          <sha1>753hugogitqwnlby9d3k5rdzsa58oj1</sha1>
                        </revision>
                      </page>
                    </mediawiki>