<mediawiki xmlns="http://www.mediawiki.org/xml/export-0.10/" xmlns:xsi="http://www.w3.org/2001/XMLSchema-instance" xsi:schemaLocation="http://www.mediawiki.org/xml/export-0.10/ http://www.mediawiki.org/xml/export-0.10.xsd" version="0.10" xml:lang="fr">
                   <page>
                      <title>Analyse de régression</title>
                        <ns>0</ns>
                        <id>0</id>
                        <revision>
                          <id>0</id>
                          <timestamp>2020-07-08T20:09:07Z</timestamp>
                          <contributor>
                            <username>Romain</username>
                            <id>1</id>
                          </contributor>
                          <comment>regression analysis method
L&a</comment>
                          <model>wikitext</model>
                          <format>text/x-wiki</format><text xml:space="preserve" bytes="12">regression analysis method
L&apos;analyse de régression est une technique de statistique descriptive qui examine la relation d&apos;une variable dépendante (variable de réponse) avec des variables indépendantes spécifiées (variables explicatives). L&apos;analyse de régression peut être utilisée comme méthode descriptive d&apos;analyse de données (comme l&apos;ajustement de la courbe) sans tenir compte des hypothèses concernant les processus sous-jacents générant les données.
Regression analysis is a descriptive statistics technique that examines the relation of a dependent variable (response variable) to specified independent variables (explanatory variables). Regression analysis can be used as a descriptive method of data analysis (such as curve fitting) without relying on any assumptions about underlying processes generating the data.


Alejandra Gonzalez-Beltran
Jean-Marc Meunier
Philippe Rocca-Serra
Tina Hernandez-Boussard
BOOK: Richard A. Berk, Regression Analysis: A Constructive Critique, Sage Publications (2004) 978-0761929048
</text>
                          <sha1>753hugogitqwnlby9d3k5rdzsa58oj1</sha1>
                        </revision>
                      </page>
                    </mediawiki>