<mediawiki xmlns="http://www.mediawiki.org/xml/export-0.10/" xmlns:xsi="http://www.w3.org/2001/XMLSchema-instance" xsi:schemaLocation="http://www.mediawiki.org/xml/export-0.10/ http://www.mediawiki.org/xml/export-0.10.xsd" version="0.10" xml:lang="fr">
                   <page>
                      <title>Calcul d&apos;une statistique descriptive</title>
                        <ns>0</ns>
                        <id>0</id>
                        <revision>
                          <id>0</id>
                          <timestamp>2020-07-08T20:09:07Z</timestamp>
                          <contributor>
                            <username>Romain</username>
                            <id>1</id>
                          </contributor>
                          <comment>descriptive statistical calcul</comment>
                          <model>wikitext</model>
                          <format>text/x-wiki</format><text xml:space="preserve" bytes="12">descriptive statistical calculation data transformation
A descriptive statistical calculation data transformation is a data transformation that has objective descriptive statistical calculation and which concerns any calculation intended to describe a feature of a data set, for example, its center or its variability.
C&apos;est une transformation de données qui a pour objectif un calcul d&apos;une statistique descriptive, càdtout calcul destiné à décrire une caractéristique d&apos;un ensemble de données comme son centre ou sa variabilité.
James Malone
Jean-Marc Meunier
PERSON: James Malone
 is a subclass from http://purl.obolibrary.org/obo/OBI_0200000
</text>
                          <sha1>753hugogitqwnlby9d3k5rdzsa58oj1</sha1>
                        </revision>
                      </page>
                    </mediawiki>