<mediawiki xmlns="http://www.mediawiki.org/xml/export-0.10/" xmlns:xsi="http://www.w3.org/2001/XMLSchema-instance" xsi:schemaLocation="http://www.mediawiki.org/xml/export-0.10/ http://www.mediawiki.org/xml/export-0.10.xsd" version="0.10" xml:lang="fr">
                   <page>
                      <title>coefficient of variation</title>
                        <ns>0</ns>
                        <id>0</id>
                        <revision>
                          <id>0</id>
                          <timestamp>2020-07-08T20:09:13Z</timestamp>
                          <contributor>
                            <username>Romain</username>
                            <id>1</id>
                          </contributor>
                          <comment>Le coefficient de variation es</comment>
                          <model>wikitext</model>
                          <format>text/x-wiki</format><text xml:space="preserve" bytes="12">Le coefficient de variation est une mesure relative de la dispersion des données autour de la moyenne. Le coefficient de variation se calcule comme le ratio de l&apos;écart-type rapporté à la moyenne, et s&apos;exprime en pourcentage.Il permet de comparer le degré de variation d&apos;un échantillon à un autre, même si les moyennes sont différentes.
the coefficient of variation is a normalized measure fo dispersion of a probability distribution of frequency distribution.
Alejandra Gonzalez-Beltran
Jean-Marc Meunier
Orlaith Burke
Philippe Rocca-Serra
Ecart-type relatif
http://en.wikipedia.or

http://www.statsoft.fr/concepts-statistiques/glossaire/c/coefficient-variation.html
 is a subclass from http://purl.obolibrary.org/obo/STATO_0000028
</text>
                          <sha1>753hugogitqwnlby9d3k5rdzsa58oj1</sha1>
                        </revision>
                      </page>
                    </mediawiki>