<mediawiki xmlns="http://www.mediawiki.org/xml/export-0.10/" xmlns:xsi="http://www.w3.org/2001/XMLSchema-instance" xsi:schemaLocation="http://www.mediawiki.org/xml/export-0.10/ http://www.mediawiki.org/xml/export-0.10.xsd" version="0.10" xml:lang="fr">
                   <page>
                      <title>Continuant dépendant générique</title>
                        <ns>0</ns>
                        <id>0</id>
                        <revision>
                          <id>0</id>
                          <timestamp>2020-07-08T20:09:04Z</timestamp>
                          <contributor>
                            <username>Romain</username>
                            <id>1</id>
                          </contributor>
                          <comment>generically dependent continua</comment>
                          <model>wikitext</model>
                          <format>text/x-wiki</format><text xml:space="preserve" bytes="12">generically dependent continuant
a certain PDF file that exists in different and in several hard drives
A continuantthat is dependent on one or other independent continuantbearers. For every instance of A requires some instance of (an independent continuanttype) B but which instance of B serves can change from time to time.
Un continuant qui dépend d&apos;un support continu indépendant. Chaque instance de A nécessite une instance deB de un type continuant indépendantmais cette instance de Bpeut changer de temps à autre.
 is a subclass from Continuant dépendant
</text>
                          <sha1>753hugogitqwnlby9d3k5rdzsa58oj1</sha1>
                        </revision>
                      </page>
                    </mediawiki>