<mediawiki xmlns="http://www.mediawiki.org/xml/export-0.10/" xmlns:xsi="http://www.w3.org/2001/XMLSchema-instance" xsi:schemaLocation="http://www.mediawiki.org/xml/export-0.10/ http://www.mediawiki.org/xml/export-0.10.xsd" version="0.10" xml:lang="fr">
                   <page>
                      <title>container</title>
                        <ns>0</ns>
                        <id>0</id>
                        <revision>
                          <id>0</id>
                          <timestamp>2020-07-08T20:09:06Z</timestamp>
                          <contributor>
                            <username>Romain</username>
                            <id>1</id>
                          </contributor>
                          <comment>container
A device that can be</comment>
                          <model>wikitext</model>
                          <format>text/x-wiki</format><text xml:space="preserve" bytes="12">container
A device that can be used to restrict the location of material entities over time
03/21/2010: Added to allow classification of children (similar to what we want to do for &apos;measurement device&apos;. Lookint at what classifies here, we may want to reconsider a contain function assigned to a part of an entity is necessarily also a function of the whole (e.g. is a centrifuge a container because it has test tubes as parts?)
PERSON: Bjoern Peters
 is a subclass from http://purl.obolibrary.org/obo/OBI_0000968
</text>
                          <sha1>753hugogitqwnlby9d3k5rdzsa58oj1</sha1>
                        </revision>
                      </page>
                    </mediawiki>