<mediawiki xmlns="http://www.mediawiki.org/xml/export-0.10/" xmlns:xsi="http://www.w3.org/2001/XMLSchema-instance" xsi:schemaLocation="http://www.mediawiki.org/xml/export-0.10/ http://www.mediawiki.org/xml/export-0.10.xsd" version="0.10" xml:lang="fr">
                   <page>
                      <title>Critère de sélection</title>
                        <ns>0</ns>
                        <id>0</id>
                        <revision>
                          <id>0</id>
                          <timestamp>2020-07-08T20:09:07Z</timestamp>
                          <contributor>
                            <username>Romain</username>
                            <id>1</id>
                          </contributor>
                          <comment>selection criterion
rats shoul</comment>
                          <model>wikitext</model>
                          <format>text/x-wiki</format><text xml:space="preserve" bytes="12">selection criterion
rats should be aged between 6 and 8 weeks and weight between 180-250grams
A directive information entity which defines and states a principle of standard by which selection process may take place.
Jean-Marc Meunier
Person: Philippe Rocca-Serra
selection rule
OBI discussion summarized under the following tracker item : http://sourceforge.net/p/obi/obi-terms/678/
 is a subclass from http://purl.obolibrary.org/obo/IAO_0000033
</text>
                          <sha1>753hugogitqwnlby9d3k5rdzsa58oj1</sha1>
                        </revision>
                      </page>
                    </mediawiki>