<mediawiki xmlns="http://www.mediawiki.org/xml/export-0.10/" xmlns:xsi="http://www.w3.org/2001/XMLSchema-instance" xsi:schemaLocation="http://www.mediawiki.org/xml/export-0.10/ http://www.mediawiki.org/xml/export-0.10.xsd" version="0.10" xml:lang="fr">
                   <page>
                      <title>Critère d&apos;information Akaike corrigé</title>
                        <ns>0</ns>
                        <id>0</id>
                        <revision>
                          <id>0</id>
                          <timestamp>2020-07-08T20:09:16Z</timestamp>
                          <contributor>
                            <username>Romain</username>
                            <id>1</id>
                          </contributor>
                          <comment>http://www.ncbi.nlm.nih.gov/pu</comment>
                          <model>wikitext</model>
                          <format>text/x-wiki</format><text xml:space="preserve" bytes="12">http://www.ncbi.nlm.nih.gov/pubmed/19761098
Le critère d&apos;information Akaike corrigé est une version modifiée du critère d&apos;information Akaike
corrected Akaike information criteria is a modified version of the Akaike information criterion 
Alejandra Gonzalez-Beltran
Jean-marc Meunier
Orlaith Burke
Philippe Rocca-Serra
 is a subclass from http://purl.obolibrary.org/obo/STATO_0000325
</text>
                          <sha1>753hugogitqwnlby9d3k5rdzsa58oj1</sha1>
                        </revision>
                      </page>
                    </mediawiki>