<mediawiki xmlns="http://www.mediawiki.org/xml/export-0.10/" xmlns:xsi="http://www.w3.org/2001/XMLSchema-instance" xsi:schemaLocation="http://www.mediawiki.org/xml/export-0.10/ http://www.mediawiki.org/xml/export-0.10.xsd" version="0.10" xml:lang="fr">
                   <page>
                      <title>Diagramme en violon</title>
                        <ns>0</ns>
                        <id>0</id>
                        <revision>
                          <id>0</id>
                          <timestamp>2020-07-08T20:09:12Z</timestamp>
                          <contributor>
                            <username>Romain</username>
                            <id>1</id>
                          </contributor>
                          <comment>Un diagramme en violon est un </comment>
                          <model>wikitext</model>
                          <format>text/x-wiki</format><text xml:space="preserve" bytes="12">Un diagramme en violon est un diagramme combinant les caractéristiques du diagramme en la boîte et du diagramme de densité de Kernel. Le diagramme en violon est donc semblable à celui en boite, mais il intègre la densité de probabilité des données à différentes valeurs.Typiquement, les diagramme en violon incluent un marqueur pour la médiane des données et une case indiquant l&apos;interquartile, comme dans les diagramme en boîtes standard.
a violin plot is a plot combining the features of box plot and kernel density plot. The violin plot is therefore similar to box plot but it incorporated in the display the probability density o

Alejandra Gonzalez-Beltran
Jean-Marc Meunier
Orlaith Burke
Philippe Rocca-Serra
http://en.wikipedia.org

 is a subclass from Graphe
</text>
                          <sha1>753hugogitqwnlby9d3k5rdzsa58oj1</sha1>
                        </revision>
                      </page>
                    </mediawiki>