<mediawiki xmlns="http://www.mediawiki.org/xml/export-0.10/" xmlns:xsi="http://www.w3.org/2001/XMLSchema-instance" xsi:schemaLocation="http://www.mediawiki.org/xml/export-0.10/ http://www.mediawiki.org/xml/export-0.10.xsd" version="0.10" xml:lang="fr">
                   <page>
                      <title>Distribution géométrique</title>
                        <ns>0</ns>
                        <id>0</id>
                        <revision>
                          <id>0</id>
                          <timestamp>2020-07-08T20:09:11Z</timestamp>
                          <contributor>
                            <username>Romain</username>
                            <id>1</id>
                          </contributor>
                          <comment>La loi géométrique est une l</comment>
                          <model>wikitext</model>
                          <format>text/x-wiki</format><text xml:space="preserve" bytes="12">La loi géométrique est une loi de probabilité apparaissant dans de nombreuses applications. La loi géométrique de paramètre p (0 &lt; p &lt; 1) 

the geometric distribution is a negative bino

Alejandra Gonzalez-Beltran
Jean-Marc Meunier
Orlaith Burke
Philippe Rocca-Serra
http://stat.ethz.ch/R-manual/R-patched/library/stats/html/Geometric.html
http://www.mathworks.co.uk/help/stats/geometric-distribution.html
https://fr.wikipedia.org/wiki/Loi_g%C3%A9om%C3%A9trique
 is a subclass from Distribution binomiale négative
</text>
                          <sha1>753hugogitqwnlby9d3k5rdzsa58oj1</sha1>
                        </revision>
                      </page>
                    </mediawiki>