<mediawiki xmlns="http://www.mediawiki.org/xml/export-0.10/" xmlns:xsi="http://www.w3.org/2001/XMLSchema-instance" xsi:schemaLocation="http://www.mediawiki.org/xml/export-0.10/ http://www.mediawiki.org/xml/export-0.10.xsd" version="0.10" xml:lang="fr">
                   <page>
                      <title>Distribution bêta</title>
                        <ns>0</ns>
                        <id>0</id>
                        <revision>
                          <id>0</id>
                          <timestamp>2020-07-08T20:09:12Z</timestamp>
                          <contributor>
                            <username>Romain</username>
                            <id>1</id>
                          </contributor>
                          <comment>Dans la théorie des probabili</comment>
                          <model>wikitext</model>
                          <format>text/x-wiki</format><text xml:space="preserve" bytes="12">Dans la théorie des probabilités et en statistiques, la loi bêta est une famille de lois de probabilités continues, définies sur [0,1], paramétrée par deux paramètres de forme, typiquement notés α et β. C&apos;est un cas spécial de la loi de Dirichlet, avec seulement deux paramètres.
the beta distribution is a continuous probability distributions defined on the interval [0, 1] parametrized by two positive shape parameters, denoted by α and β, that appear as exponents of the random variable and control the shape of the distribution
Alejandra Gonzalez-Beltran
Orlaith Burke
Philippe Rocca-Serra


https://fr.wikipedia.org/wiki/Loi_b%C3%AAta
 is a subclass from http://purl.obolibrary.org/obo/STATO_0000067
</text>
                          <sha1>753hugogitqwnlby9d3k5rdzsa58oj1</sha1>
                        </revision>
                      </page>
                    </mediawiki>