<mediawiki xmlns="http://www.mediawiki.org/xml/export-0.10/" xmlns:xsi="http://www.w3.org/2001/XMLSchema-instance" xsi:schemaLocation="http://www.mediawiki.org/xml/export-0.10/ http://www.mediawiki.org/xml/export-0.10.xsd" version="0.10" xml:lang="fr">
                   <page>
                      <title>Distribution de probabilités de Pareto de type II</title>
                        <ns>0</ns>
                        <id>0</id>
                        <revision>
                          <id>0</id>
                          <timestamp>2020-07-08T20:09:17Z</timestamp>
                          <contributor>
                            <username>Romain</username>
                            <id>1</id>
                          </contributor>
                          <comment>La distribution de probabilit�</comment>
                          <model>wikitext</model>
                          <format>text/x-wiki</format><text xml:space="preserve" bytes="12">La distribution de probabilité Pareto type II est une distribution de probabilité continue qui est définie par une fonction de densité de probabilité caractérisée par 2 paramètres, alpha et lambda, 2 nombres réels, strictement positifs. Alpha est connu sous le nom de paramètre de forme tandis que lambda est connu co
 ^ {- (\ alpha + 1)}, \Qquad x \ geq 0,
the Pareto type-II probability distribution is a continuous probability distribution which is defined by a probability density function characterized by 2 parameters, alpha and lambda, 2 real, strictly positive numbers. alpha is known as the shape parameter while lambda i

Alejandra Gonzalez-Beltran
Jean-Marc Meunier
Orlaith Burke
Philippe Rocca-Serra
Distribution de Lomax
https://en.wikipedia.org/wiki/Lomax_distribution
 is a subclass from http://purl.obolibrary.org/obo/STATO_0000067
</text>
                          <sha1>753hugogitqwnlby9d3k5rdzsa58oj1</sha1>
                        </revision>
                      </page>
                    </mediawiki>