<mediawiki xmlns="http://www.mediawiki.org/xml/export-0.10/" xmlns:xsi="http://www.w3.org/2001/XMLSchema-instance" xsi:schemaLocation="http://www.mediawiki.org/xml/export-0.10/ http://www.mediawiki.org/xml/export-0.10.xsd" version="0.10" xml:lang="fr">
                   <page>
                      <title>Distribution normale standard</title>
                        <ns>0</ns>
                        <id>0</id>
                        <revision>
                          <id>0</id>
                          <timestamp>2020-07-08T20:09:12Z</timestamp>
                          <contributor>
                            <username>Romain</username>
                            <id>1</id>
                          </contributor>
                          <comment>La loi normale de moyenne null</comment>
                          <model>wikitext</model>
                          <format>text/x-wiki</format><text xml:space="preserve" bytes="12">La loi normale de moyenne nulle et d&apos;écart type unitaire est appelée loi normale centrée réduite ou loi normale standard.
standard normal distribution is a normal distribution with variance = 1 and mean=0
we need to formally set value for mean and variance
Alejandra Gonzalez-Beltran
Jean-marc Meunier
Orlaith Burke
Philippe Rocca-Serra
Loi normale standard
https://fr.wikipedia.org/wiki/Loi_normale
</text>
                          <sha1>753hugogitqwnlby9d3k5rdzsa58oj1</sha1>
                        </revision>
                      </page>
                    </mediawiki>