<mediawiki xmlns="http://www.mediawiki.org/xml/export-0.10/" xmlns:xsi="http://www.w3.org/2001/XMLSchema-instance" xsi:schemaLocation="http://www.mediawiki.org/xml/export-0.10/ http://www.mediawiki.org/xml/export-0.10.xsd" version="0.10" xml:lang="fr">
                   <page>
                      <title>DNA microarray</title>
                        <ns>0</ns>
                        <id>0</id>
                        <revision>
                          <id>0</id>
                          <timestamp>2020-07-08T20:09:08Z</timestamp>
                          <contributor>
                            <username>Romain</username>
                            <id>1</id>
                          </contributor>
                          <comment>DNA microarray
Moran G, Stokes</comment>
                          <model>wikitext</model>
                          <format>text/x-wiki</format><text xml:space="preserve" bytes="12">DNA microarray
Moran G, Stokes C, Thewes S, Hube B, Coleman DC, Sullivan D (2004). &quot;Comparative genomics using Candida albicans DNA microarrays reveals absence and divergence of virulence-associated genes in Candida dubliniensis&quot;. Microbiology 150: 3363-3382. doi:10.1099/mic.0.27221-0. PMID 15470115
A DNA-microarray is a microarray that is used as a physical 2D immobilisation matrix for DNA sequences. DNA microarray-bound DNA fragments are used as targets for a hybridising probed sample.
PERSON: Daniel Schober
PERSON: Frank Gibson
DNA Chip
DNA-array
Web:&lt;http://en.wikipedia.org/wiki/DNA_microarray&gt;@2008/03/03
 is a subclass from microarray
</text>
                          <sha1>753hugogitqwnlby9d3k5rdzsa58oj1</sha1>
                        </revision>
                      </page>
                    </mediawiki>