<mediawiki xmlns="http://www.mediawiki.org/xml/export-0.10/" xmlns:xsi="http://www.w3.org/2001/XMLSchema-instance" xsi:schemaLocation="http://www.mediawiki.org/xml/export-0.10/ http://www.mediawiki.org/xml/export-0.10.xsd" version="0.10" xml:lang="fr">
                   <page>
                      <title>Données sur une partie d&apos;ontologie</title>
                        <ns>0</ns>
                        <id>0</id>
                        <revision>
                          <id>0</id>
                          <timestamp>2020-07-08T20:09:04Z</timestamp>
                          <contributor>
                            <username>Romain</username>
                            <id>1</id>
                          </contributor>
                          <comment>data about an ontology part
Le</comment>
                          <model>wikitext</model>
                          <format>text/x-wiki</format><text xml:space="preserve" bytes="12">data about an ontology part
Les données sur une partie d&apos;ontologie sont un élément de données sur une partie d&apos;une ontologie, par exemple un terme.
data about an ontology part is a data item about a part of an ontology, for example a term
Jean-Marc Meunier
Person:Alan Ruttenberg
 is a subclass from http://purl.obolibrary.org/obo/IAO_0000027
</text>
                          <sha1>753hugogitqwnlby9d3k5rdzsa58oj1</sha1>
                        </revision>
                      </page>
                    </mediawiki>