<mediawiki xmlns="http://www.mediawiki.org/xml/export-0.10/" xmlns:xsi="http://www.w3.org/2001/XMLSchema-instance" xsi:schemaLocation="http://www.mediawiki.org/xml/export-0.10/ http://www.mediawiki.org/xml/export-0.10.xsd" version="0.10" xml:lang="fr">
                   <page>
                      <title>Donnée de coordonnées spatiales cartésiennes bidimensionnelles</title>
                        <ns>0</ns>
                        <id>0</id>
                        <revision>
                          <id>0</id>
                          <timestamp>2020-07-08T20:09:05Z</timestamp>
                          <contributor>
                            <username>Romain</username>
                            <id>1</id>
                          </contributor>
                          <comment>two dimensional cartesian spat</comment>
                          <model>wikitext</model>
                          <format>text/x-wiki</format><text xml:space="preserve" bytes="12">two dimensional cartesian spatial coordinate datum
A cartesion spatial coordinate datum thatuses two values to specify a position within a two dimensional spatial region
Une donnée de coordonnées spatiales cartésiennes qui utilise deux valeurs pour spécifier une position dans une région spatiale bidimensionnelle.
Alan Ruttenberg
Jean-Marc Meunier
</text>
                          <sha1>753hugogitqwnlby9d3k5rdzsa58oj1</sha1>
                        </revision>
                      </page>
                    </mediawiki>