<mediawiki xmlns="http://www.mediawiki.org/xml/export-0.10/" xmlns:xsi="http://www.w3.org/2001/XMLSchema-instance" xsi:schemaLocation="http://www.mediawiki.org/xml/export-0.10/ http://www.mediawiki.org/xml/export-0.10.xsd" version="0.10" xml:lang="fr">
                   <page>
                      <title>Donnée de coordonnées spatiales cartésiennes unidimensionnelles</title>
                        <ns>0</ns>
                        <id>0</id>
                        <revision>
                          <id>0</id>
                          <timestamp>2020-07-08T20:09:05Z</timestamp>
                          <contributor>
                            <username>Romain</username>
                            <id>1</id>
                          </contributor>
                          <comment>one dimensional cartesian spat</comment>
                          <model>wikitext</model>
                          <format>text/x-wiki</format><text xml:space="preserve" bytes="12">one dimensional cartesian spatial coordinate datum
C&apos;est une donnée de coordonnées spatiales cartésiennes qui utilise une valeur pour spécifier une position le long d&apos;une région spatiale unidimensionnelle.
Alan Ruttenberg
Jean-Marc Meunier
A cartesion spatial coordinate datum thatuses one value to specify a position along a one dimensional spatial region
</text>
                          <sha1>753hugogitqwnlby9d3k5rdzsa58oj1</sha1>
                        </revision>
                      </page>
                    </mediawiki>