<mediawiki xmlns="http://www.mediawiki.org/xml/export-0.10/" xmlns:xsi="http://www.w3.org/2001/XMLSchema-instance" xsi:schemaLocation="http://www.mediawiki.org/xml/export-0.10/ http://www.mediawiki.org/xml/export-0.10.xsd" version="0.10" xml:lang="fr">
                   <page>
                      <title>Dose</title>
                        <ns>0</ns>
                        <id>0</id>
                        <revision>
                          <id>0</id>
                          <timestamp>2020-07-08T20:09:06Z</timestamp>
                          <contributor>
                            <username>Romain</username>
                            <id>1</id>
                          </contributor>
                          <comment>dose
An organism has been inje</comment>
                          <model>wikitext</model>
                          <format>text/x-wiki</format><text xml:space="preserve" bytes="12">dose
An organism has been injected 1ml of vaccine
A measurement datum that measures the quantity of something that may be administered to an organism or that an organism may be exposed to. Quantities of nutrients, drugs, vaccines and toxins are referred to as doses.
Une donnée qui mesure la quantité de quelque chose qui peut être administré à un organisme ou à laquelle un organisme peut être exposé. Les quantités de nutriments, de médicaments, de vaccins et de toxines sont appelées doses.
Jean-Marc Meunier
 is a subclass from http://purl.obolibrary.org/obo/IAO_0000109
</text>
                          <sha1>753hugogitqwnlby9d3k5rdzsa58oj1</sha1>
                        </revision>
                      </page>
                    </mediawiki>