<mediawiki xmlns="http://www.mediawiki.org/xml/export-0.10/" xmlns:xsi="http://www.w3.org/2001/XMLSchema-instance" xsi:schemaLocation="http://www.mediawiki.org/xml/export-0.10/ http://www.mediawiki.org/xml/export-0.10.xsd" version="0.10" xml:lang="fr">
                   <page>
                      <title>Décile</title>
                        <ns>0</ns>
                        <id>0</id>
                        <revision>
                          <id>0</id>
                          <timestamp>2020-07-08T20:09:15Z</timestamp>
                          <contributor>
                            <username>Romain</username>
                            <id>1</id>
                          </contributor>
                          <comment>
En statistique descriptive, u</comment>
                          <model>wikitext</model>
                          <format>text/x-wiki</format><text xml:space="preserve" bytes="12">
En statistique descriptive, un décile est chacune des 9 valeurs qui divisent un jeu de données, triées selon une relation d&apos;ordre, en 10 parts égales, de sorte que chaque partie représente 1/10 de l&apos;échantillon de population.
a decile is a quantile where n=10and which splits data into sections accrued of 10% of data, so the first decile delineates 10% of the data, the second decile delineates 20% of the data and the nineth decile, 90 % of the data
Alejandra Gonzalez-Beltran
Jean-Marc Meunier
Orlaith Burke
Philippe Rocca-Serra
STATO
https://fr.wikipedia.org/wiki/D%C3%A9cile
 is a subclass from http://purl.obolibrary.org/obo/STATO_0000291
</text>
                          <sha1>753hugogitqwnlby9d3k5rdzsa58oj1</sha1>
                        </revision>
                      </page>
                    </mediawiki>