<mediawiki xmlns="http://www.mediawiki.org/xml/export-0.10/" xmlns:xsi="http://www.w3.org/2001/XMLSchema-instance" xsi:schemaLocation="http://www.mediawiki.org/xml/export-0.10/ http://www.mediawiki.org/xml/export-0.10.xsd" version="0.10" xml:lang="fr">
                   <page>
                      <title>Ecart-type d&apos;estimation de contraste</title>
                        <ns>0</ns>
                        <id>0</id>
                        <revision>
                          <id>0</id>
                          <timestamp>2020-07-08T20:09:17Z</timestamp>
                          <contributor>
                            <username>Romain</username>
                            <id>1</id>
                          </contributor>
                          <comment>Jean-Marc Meunier
Une estimati</comment>
                          <model>wikitext</model>
                          <format>text/x-wiki</format><text xml:space="preserve" bytes="12">Jean-Marc Meunier
Une estimation de l&apos;écart type d&apos;une distribution d&apos;échantillonnage d&apos;une estimation de contraste .
an estimate of the standard deviation of a contrast estimate sampling distribution.
Alejandra Gonzalez-Beltran
Camille Maumet
Philippe Rocca-Serra
Thomas Nichols
https://github.com/ISA-tools/stato/pull/37
</text>
                          <sha1>753hugogitqwnlby9d3k5rdzsa58oj1</sha1>
                        </revision>
                      </page>
                    </mediawiki>