<mediawiki xmlns="http://www.mediawiki.org/xml/export-0.10/" xmlns:xsi="http://www.w3.org/2001/XMLSchema-instance" xsi:schemaLocation="http://www.mediawiki.org/xml/export-0.10/ http://www.mediawiki.org/xml/export-0.10.xsd" version="0.10" xml:lang="fr">
                   <page>
                      <title>Estimation des moindres carrés ordinaires</title>
                        <ns>0</ns>
                        <id>0</id>
                        <revision>
                          <id>0</id>
                          <timestamp>2020-07-08T20:09:17Z</timestamp>
                          <contributor>
                            <username>Romain</username>
                            <id>1</id>
                          </contributor>
                          <comment>L&apos;estimation des moindres</comment>
                          <model>wikitext</model>
                          <format>text/x-wiki</format><text xml:space="preserve" bytes="12">L&apos;estimation des moindres carrés ordinaires est une estimation de paramètre modèle pour un modèle de régression linéaire lorsque les erreurs ne sont pas corrélées et égales en variance.
the ordinary least squares estimation is a model parameter estimation for a linear regression model when the errors are uncorrelated and equal in variance. Is the Best Linear Unbiased Estimation (BLUE) method under these assumptions, Uniformly Minimum-Variance Unbiased Estimator (UMVUE) with addition of a Gaussian assumption.
Alejandra Gonzalez-Beltran
Camille Maumet
Estimation des moindres carrés ordinaires
Jean-Marc Meunier
Philippe Rocca-Serra
Tom Nichols
http://en.wikipedia.org/wiki/Ordinary_least_squares and Tom Nichols
 is a subclass from http://purl.obolibrary.org/obo/STATO_0000119
</text>
                          <sha1>753hugogitqwnlby9d3k5rdzsa58oj1</sha1>
                        </revision>
                      </page>
                    </mediawiki>