<mediawiki xmlns="http://www.mediawiki.org/xml/export-0.10/" xmlns:xsi="http://www.w3.org/2001/XMLSchema-instance" xsi:schemaLocation="http://www.mediawiki.org/xml/export-0.10/ http://www.mediawiki.org/xml/export-0.10.xsd" version="0.10" xml:lang="fr">
                   <page>
                      <title>Estimation par les moindres carrés pondérés récursivement</title>
                        <ns>0</ns>
                        <id>0</id>
                        <revision>
                          <id>0</id>
                          <timestamp>2020-07-08T20:09:17Z</timestamp>
                          <contributor>
                            <username>Romain</username>
                            <id>1</id>
                          </contributor>
                          <comment>L&apos;estimation des moindres</comment>
                          <model>wikitext</model>
                          <format>text/x-wiki</format><text xml:space="preserve" bytes="12">L&apos;estimation des moindres carrés pondérés recursivement est une estimation de paramètre modèle qui est une mise en œuvre pratique des moindres carrés pondérés, où les écarts hétérogènes des erreurs sont estimés à partir des résidus du modèle de régression, en fournissant une estimation pour les poids. Chaque estimation successive des poids améliore l&apos;estimation des paramètres de régression, qui à leur tour sont utilisés pour calculer les résidus et mettre à jour les poids.
the iteratively reweighted least squares estimation is a model parameter estimation which is a practical implementation of Weighted Least Squares, where the heterogeneous variances of the errors are estimated from the residuals of the regression model, providing an estimate for the weights. Each successive estimate of the weights improves the estimation of the regression parameters, which in turn are used to compute residuals and update the weights
Traduction attestée par http://www.i3s.unice.fr/~pronzato/FichPS/Pronzato-P.pdf
Alejandra Gonzalez-Beltran
Camille Maumet
Jean-Marc Meunier
Orlaith Burke
Philippe Rocca-Serra
Tom Nichols
Tom Nichols
 is a subclass from http://purl.obolibrary.org/obo/STATO_0000119
</text>
                          <sha1>753hugogitqwnlby9d3k5rdzsa58oj1</sha1>
                        </revision>
                      </page>
                    </mediawiki>