<mediawiki xmlns="http://www.mediawiki.org/xml/export-0.10/" xmlns:xsi="http://www.w3.org/2001/XMLSchema-instance" xsi:schemaLocation="http://www.mediawiki.org/xml/export-0.10/ http://www.mediawiki.org/xml/export-0.10.xsd" version="0.10" xml:lang="fr">
                   <page>
                      <title>Estimation de contraste</title>
                        <ns>0</ns>
                        <id>0</id>
                        <revision>
                          <id>0</id>
                          <timestamp>2020-07-08T20:09:17Z</timestamp>
                          <contributor>
                            <username>Romain</username>
                            <id>1</id>
                          </contributor>
                          <comment>Estimation d&apos;un contraste</comment>
                          <model>wikitext</model>
                          <format>text/x-wiki</format><text xml:space="preserve" bytes="12">Estimation d&apos;un contraste obtenu en calculant la somme pondérée des estimations des paramètres du modèle à l&apos;aide d&apos;un ensemble de poids de contraste.
estimate of a contrast obtained by computing the weighted sum of model parameter estimates using a set of contrast weights.
Alejandra Gonzalez-Beltran
Camille Maumet
Jean-Marc Meunier
Philippe Rocca-Serra
Thomas Nichols
https://github.com/ISA-tools/stato/pull/37
</text>
                          <sha1>753hugogitqwnlby9d3k5rdzsa58oj1</sha1>
                        </revision>
                      </page>
                    </mediawiki>