<mediawiki xmlns="http://www.mediawiki.org/xml/export-0.10/" xmlns:xsi="http://www.w3.org/2001/XMLSchema-instance" xsi:schemaLocation="http://www.mediawiki.org/xml/export-0.10/ http://www.mediawiki.org/xml/export-0.10.xsd" version="0.10" xml:lang="fr">
                   <page>
                      <title>Etude d&apos;observation</title>
                        <ns>0</ns>
                        <id>0</id>
                        <revision>
                          <id>0</id>
                          <timestamp>2020-07-08T20:09:07Z</timestamp>
                          <contributor>
                            <username>Romain</username>
                            <id>1</id>
                          </contributor>
                          <comment>observation design
PMID: 12387</comment>
                          <model>wikitext</model>
                          <format>text/x-wiki</format><text xml:space="preserve" bytes="12">observation design
PMID: 12387964.Lancet. 2002 Oct 12;360(9340):1144-9.Deficiency of antibacterial peptides in patients with morbus Kostmann: an observation study.
L&apos;étude d&apos;observation est une conception d&apos;étude dans laquelle les sujets sont surveillés en l&apos;absence d&apos;intervention active par des expérimentateurs.
observation design is a study design in which subjects are monitored in the absence of any active intervention by experimentalists.
Jean-Marc Meunier
Philippe Rocca-Serra
OBI branch derived
 is a subclass from http://purl.obolibrary.org/obo/OBI_0500000
</text>
                          <sha1>753hugogitqwnlby9d3k5rdzsa58oj1</sha1>
                        </revision>
                      </page>
                    </mediawiki>