<mediawiki xmlns="http://www.mediawiki.org/xml/export-0.10/" xmlns:xsi="http://www.w3.org/2001/XMLSchema-instance" xsi:schemaLocation="http://www.mediawiki.org/xml/export-0.10/ http://www.mediawiki.org/xml/export-0.10.xsd" version="0.10" xml:lang="fr">
                   <page>
                      <title>excitation function</title>
                        <ns>0</ns>
                        <id>0</id>
                        <revision>
                          <id>0</id>
                          <timestamp>2020-07-08T20:09:05Z</timestamp>
                          <contributor>
                            <username>Romain</username>
                            <id>1</id>
                          </contributor>
                          <comment>excitation function
A excitati</comment>
                          <model>wikitext</model>
                          <format>text/x-wiki</format><text xml:space="preserve" bytes="12">excitation function
A excitation function is a functionto inject energy by bombarding a material with energetic particles (e.g., photons) thereby imbuing internal material components such as electrons with additional energy.These internal, &apos;excited&apos; particles may lead to the rupturing of covalent chemical bonds or may quickly relax back to there unexcited state with an exponential time course thereby locally emitting energy in the form of photons.
Bill Bug
Daniel Schober
Frank Gibson
Melanie Courtot
 is a subclass from http://purl.obolibrary.org/obo/BFO_0000034
</text>
                          <sha1>753hugogitqwnlby9d3k5rdzsa58oj1</sha1>
                        </revision>
                      </page>
                    </mediawiki>