<mediawiki xmlns="http://www.mediawiki.org/xml/export-0.10/" xmlns:xsi="http://www.w3.org/2001/XMLSchema-instance" xsi:schemaLocation="http://www.mediawiki.org/xml/export-0.10/ http://www.mediawiki.org/xml/export-0.10.xsd" version="0.10" xml:lang="fr">
                   <page>
                      <title>Graphe</title>
                        <ns>0</ns>
                        <id>0</id>
                        <revision>
                          <id>0</id>
                          <timestamp>2020-07-08T20:09:04Z</timestamp>
                          <contributor>
                            <username>Romain</username>
                            <id>1</id>
                          </contributor>
                          <comment>graph
A diagram that presents </comment>
                          <model>wikitext</model>
                          <format>text/x-wiki</format><text xml:space="preserve" bytes="12">graph
A diagram that presents one or more tuples of information by mapping those tuples in to a two dimensional space in a non arbitrary way.
Un diagramme qui présente un ou plusieurs d&apos;information en appariant ces informations dans un espace bidimensionnel de manière non arbitraire.
Jean-Marc Meunier
PERSON: Lawrence Hunter
person:Alan Ruttenberg
person:Allyson Lister
OBI_0000240
group:OBI
 is a subclass from Diagramme
</text>
                          <sha1>753hugogitqwnlby9d3k5rdzsa58oj1</sha1>
                        </revision>
                      </page>
                    </mediawiki>