<mediawiki xmlns="http://www.mediawiki.org/xml/export-0.10/" xmlns:xsi="http://www.w3.org/2001/XMLSchema-instance" xsi:schemaLocation="http://www.mediawiki.org/xml/export-0.10/ http://www.mediawiki.org/xml/export-0.10.xsd" version="0.10" xml:lang="fr">
                   <page>
                      <title>Graphique boite et moustaches de Spear</title>
                        <ns>0</ns>
                        <id>0</id>
                        <revision>
                          <id>0</id>
                          <timestamp>2020-07-08T20:09:12Z</timestamp>
                          <contributor>
                            <username>Romain</username>
                            <id>1</id>
                          </contributor>
                          <comment>Spear Box and Whisker plot is </comment>
                          <model>wikitext</model>
                          <format>text/x-wiki</format><text xml:space="preserve" bytes="12">Spear Box and Whisker plot is a variation of Tukey Box and Whisker plot which use the criteria of Spear to create the &apos;whisker&apos; of the plot.
Un graphique boite et moustaches de Altman est une variante du graphique de boite et moustaches de Tuckey qui utilise le critère de Spear pour créer les boites.
Alejandra Gonzalez-Beltran
Jean-Marc Meunier
Orlaith Burke
Philippe Rocca-Serra
Spear, M.E. Charting Statistics (McGraw-Hill, 1952)
 is a subclass from http://purl.obolibrary.org/obo/STATO_0000243
</text>
                          <sha1>753hugogitqwnlby9d3k5rdzsa58oj1</sha1>
                        </revision>
                      </page>
                    </mediawiki>