<mediawiki xmlns="http://www.mediawiki.org/xml/export-0.10/" xmlns:xsi="http://www.w3.org/2001/XMLSchema-instance" xsi:schemaLocation="http://www.mediawiki.org/xml/export-0.10/ http://www.mediawiki.org/xml/export-0.10.xsd" version="0.10" xml:lang="fr">
                   <page>
                      <title>Graphique en forêt</title>
                        <ns>0</ns>
                        <id>0</id>
                        <revision>
                          <id>0</id>
                          <timestamp>2020-07-08T20:09:12Z</timestamp>
                          <contributor>
                            <username>Romain</username>
                            <id>1</id>
                          </contributor>
                          <comment>A forest plotis a graph design</comment>
                          <model>wikitext</model>
                          <format>text/x-wiki</format><text xml:space="preserve" bytes="12">A forest plotis a graph designed to illustrate the relative strength of treatment effects in multiple quantitative scientific studies addressing the same question.
Un forest plot ou graphique en forêt est une représentation graphique utilisée dans les revues systématiques ou méta-analyses en médecine. Il permet de comparer les résultats issus de différentes études qui abordent la même question.
Traduction attestée dans http://www.cacpr.ca/francais/documents/CCS-CACRPositionStatement_FR_000.pdf
Alejandra Gonzalez-Beltran
Jean-Marc Meunier
Orlaith Burke
Philippe Rocca-Serra
http://en.wikipedia.org/wiki/Forest_plot
https://fr.wikipedia.org/wiki/Graphique_en_for%C3%AAt
</text>
                          <sha1>753hugogitqwnlby9d3k5rdzsa58oj1</sha1>
                        </revision>
                      </page>
                    </mediawiki>