<mediawiki xmlns="http://www.mediawiki.org/xml/export-0.10/" xmlns:xsi="http://www.w3.org/2001/XMLSchema-instance" xsi:schemaLocation="http://www.mediawiki.org/xml/export-0.10/ http://www.mediawiki.org/xml/export-0.10.xsd" version="0.10" xml:lang="fr">
                   <page>
                      <title>Hypothèse d&apos;homogénéité des odds ratio</title>
                        <ns>0</ns>
                        <id>0</id>
                        <revision>
                          <id>0</id>
                          <timestamp>2020-07-08T20:09:13Z</timestamp>
                          <contributor>
                            <username>Romain</username>
                            <id>1</id>
                          </contributor>
                          <comment>L&apos;hypothèse d&apos;homog</comment>
                          <model>wikitext</model>
                          <format>text/x-wiki</format><text xml:space="preserve" bytes="12">L&apos;hypothèse d&apos;homogénéité des odds ration es tune hypothèse nulle qui postule que tous les Odds ratio sont homogènes, c&apos;est-à-dire qu&apos;ils rentent dans le même intervalle.
odds ratio homogeneity hypothesis is a null hypothesis stating that all odds ratio are homogenous, that is remain within the same range 
Devrait être sous la classe hypothèse nulle et dans une classe commune avec l&apos;homoscédasticité.
Alejandra Gonzalez-Beltran
Jean-Marc Meunier
Orlaith Burke
Philippe Rocca-Serra
STATO
 is a subclass from Hypothèse
</text>
                          <sha1>753hugogitqwnlby9d3k5rdzsa58oj1</sha1>
                        </revision>
                      </page>
                    </mediawiki>