<mediawiki xmlns="http://www.mediawiki.org/xml/export-0.10/" xmlns:xsi="http://www.w3.org/2001/XMLSchema-instance" xsi:schemaLocation="http://www.mediawiki.org/xml/export-0.10/ http://www.mediawiki.org/xml/export-0.10.xsd" version="0.10" xml:lang="fr">
                   <page>
                      <title>Intervalle de confiance 95%</title>
                        <ns>0</ns>
                        <id>0</id>
                        <revision>
                          <id>0</id>
                          <timestamp>2020-07-08T20:09:13Z</timestamp>
                          <contributor>
                            <username>Romain</username>
                            <id>1</id>
                          </contributor>
                          <comment>http://www.ncbi.nlm.nih.gov/pm</comment>
                          <model>wikitext</model>
                          <format>text/x-wiki</format><text xml:space="preserve" bytes="12">http://www.ncbi.nlm.nih.gov/pmc/articles/PMC2689604/
Un intervalle de confiance qui couvre 95% de la distribution d&apos;échantillonnage, ce qui signifie qu&apos;il existe un risque de faux positif de 5% (erreur de type 1).
a confidence interval which covers 95% of the sampling distribution, meaning that there is a 5% risk of false positive (type I error). If the number of observations made is large enough, the sampling distribution can be assumed to be normal, which entails that 95% of the sampling distributions falls within roughly2 (1.96) standard deviations from the mean.
Alejandra Gonzalez-Beltran
Jean-Marc Meunier
Orlaith Burke
Philippe Rocca-Serra
confidence interval at 5% of type I error rate
STATO
 is a subclass from http://purl.obolibrary.org/obo/STATO_0000196
</text>
                          <sha1>753hugogitqwnlby9d3k5rdzsa58oj1</sha1>
                        </revision>
                      </page>
                    </mediawiki>