<mediawiki xmlns="http://www.mediawiki.org/xml/export-0.10/" xmlns:xsi="http://www.w3.org/2001/XMLSchema-instance" xsi:schemaLocation="http://www.mediawiki.org/xml/export-0.10/ http://www.mediawiki.org/xml/export-0.10.xsd" version="0.10" xml:lang="fr">
                   <page>
                      <title>intervention design</title>
                        <ns>0</ns>
                        <id>0</id>
                        <revision>
                          <id>0</id>
                          <timestamp>2020-07-08T20:09:05Z</timestamp>
                          <contributor>
                            <username>Romain</username>
                            <id>1</id>
                          </contributor>
                          <comment>intervention design
PMID: 1820</comment>
                          <model>wikitext</model>
                          <format>text/x-wiki</format><text xml:space="preserve" bytes="12">intervention design
PMID: 18208636.Br J Nutr. 2008 Jan 22;:1-11.Effect of vitamin D supplementation on bone and vitamin D status among Pakistani immigrants in Denmark: a randomised double-blinded placebo-controlled intervention study.
An intervention design is a study design in which a controlled process applied to the subjects (the intervention) serves as the independent variable manipulated by the experimentalist. The treatment (perturbation or intervention) defined can be defined as a combination of values taken by independent variable manipulated by the experimentalists are applied to the recruited subjects assigned (possibly by applying specific methods) to treatment groups. The specificity of intervention design is the fact that independent variables are being manipulated and a response of the biological system is evaluated via response variables as monitored by possibly a series of assays.
Philppe Rocca-Serra
OBI branch derived
 is a subclass from http://purl.obolibrary.org/obo/OBI_0500000
</text>
                          <sha1>753hugogitqwnlby9d3k5rdzsa58oj1</sha1>
                        </revision>
                      </page>
                    </mediawiki>