<mediawiki xmlns="http://www.mediawiki.org/xml/export-0.10/" xmlns:xsi="http://www.w3.org/2001/XMLSchema-instance" xsi:schemaLocation="http://www.mediawiki.org/xml/export-0.10/ http://www.mediawiki.org/xml/export-0.10.xsd" version="0.10" xml:lang="fr">
                   <page>
                      <title>material sample role</title>
                        <ns>0</ns>
                        <id>0</id>
                        <revision>
                          <id>0</id>
                          <timestamp>2020-07-08T20:09:06Z</timestamp>
                          <contributor>
                            <username>Romain</username>
                            <id>1</id>
                          </contributor>
                          <comment>material sample role
a role bo</comment>
                          <model>wikitext</model>
                          <format>text/x-wiki</format><text xml:space="preserve" bytes="12">material sample role
a role borne by a portion of blood taken to represent all the blood in an organism; the role borne by a population of humans with HIV enrolled in a study taken to represent patients with HIV in general.
A material sample role is a specimen role borne by a material entity that is the output of a material sampling process.
7/13/09: Note that this is a relational role: between the sample taken and the &apos;sampled&apos; material of which the sample is thought to be representative off.
 is a subclass from http://purl.obolibrary.org/obo/OBI_0000112
</text>
                          <sha1>753hugogitqwnlby9d3k5rdzsa58oj1</sha1>
                        </revision>
                      </page>
                    </mediawiki>