<mediawiki xmlns="http://www.mediawiki.org/xml/export-0.10/" xmlns:xsi="http://www.w3.org/2001/XMLSchema-instance" xsi:schemaLocation="http://www.mediawiki.org/xml/export-0.10/ http://www.mediawiki.org/xml/export-0.10.xsd" version="0.10" xml:lang="fr">
                   <page>
                      <title>material to be added</title>
                        <ns>0</ns>
                        <id>0</id>
                        <revision>
                          <id>0</id>
                          <timestamp>2020-07-08T20:09:08Z</timestamp>
                          <contributor>
                            <username>Romain</username>
                            <id>1</id>
                          </contributor>
                          <comment>material to be added
A mixture</comment>
                          <model>wikitext</model>
                          <format>text/x-wiki</format><text xml:space="preserve" bytes="12">material to be added
A mixture of peptides that is being added into a cell culture.
a material that is added to another one in a material combination process
10/26/09: This defined class is used as a &apos;macro expression&apos; to reduce thesize of the IEDB export
2010/02/24Alan Ruttenberg: I think this might generate confusion as the common use of the term would consider something to be a specimen during the realization of the role, not only if it bears it. However having this class as a probe, or for display, or as a macro might be useful. Ideally we would mark or segregate such classes
IEDB
 is a subclass from http://purl.obolibrary.org/obo/BFO_0000040
</text>
                          <sha1>753hugogitqwnlby9d3k5rdzsa58oj1</sha1>
                        </revision>
                      </page>
                    </mediawiki>