<mediawiki xmlns="http://www.mediawiki.org/xml/export-0.10/" xmlns:xsi="http://www.w3.org/2001/XMLSchema-instance" xsi:schemaLocation="http://www.mediawiki.org/xml/export-0.10/ http://www.mediawiki.org/xml/export-0.10.xsd" version="0.10" xml:lang="fr">
                   <page>
                      <title>Moyenne arithmétique pondérée</title>
                        <ns>0</ns>
                        <id>0</id>
                        <revision>
                          <id>0</id>
                          <timestamp>2020-07-08T20:09:17Z</timestamp>
                          <contributor>
                            <username>Romain</username>
                            <id>1</id>
                          </contributor>
                          <comment>La moyenne arithmétique pond�</comment>
                          <model>wikitext</model>
                          <format>text/x-wiki</format><text xml:space="preserve" bytes="12">La moyenne arithmétique pondérée est une sorte de moyenne arithmétique ordinaire (le type de moyenne le plus courant), sauf que, au lieu de chacune desdonnées, contribuent de manière égale à la moyenne finale, certaines données cont

The weighted arithmetic mean is a kind of mean similar to an ordinary arithmetic mean (the most common type of average), except that instead of each of the data points contributing equally to the final average, some data point

Alejandra Gonzalez-Beltran
Jean-Marc Meunier
Orlaith Burke
Philippe Rocca-Serra
Moyenne pondérée
https://en.wikipedia.org/wiki/Weighted_arithmetic_mean
 is a subclass from Moyenne arithmétique
 is a subclass from http://purl.obolibrary.org/obo/STATO_0000029
</text>
                          <sha1>753hugogitqwnlby9d3k5rdzsa58oj1</sha1>
                        </revision>
                      </page>
                    </mediawiki>