<mediawiki xmlns="http://www.mediawiki.org/xml/export-0.10/" xmlns:xsi="http://www.w3.org/2001/XMLSchema-instance" xsi:schemaLocation="http://www.mediawiki.org/xml/export-0.10/ http://www.mediawiki.org/xml/export-0.10.xsd" version="0.10" xml:lang="fr">
                   <page>
                      <title>Objectif de moyennage</title>
                        <ns>0</ns>
                        <id>0</id>
                        <revision>
                          <id>0</id>
                          <timestamp>2020-07-08T20:09:05Z</timestamp>
                          <contributor>
                            <username>Romain</username>
                            <id>1</id>
                          </contributor>
                          <comment>averaging objective
A mean cal</comment>
                          <model>wikitext</model>
                          <format>text/x-wiki</format><text xml:space="preserve" bytes="12">averaging objective
A mean calculation which has averaging objective is a descriptive statistics calculation in which the mean is calculated by taking the sum of all of the observations in a data set divided by the total number of observations. It gives a measure of the &apos;center of gravity&apos; for the data set. It is also known as the first moment.
An averaging objective is a data transformation objective where the aim is to perform mean calculations on the input of the data transformation.
Un objectif de moyennage est une objectif de transformation de données où le but est de réaliser des calculs de moyenne sur les données d&apos;entrée.
Elisabetta Manduchi
James Malone
Jean-Marc Meunier
PERSON: Elisabetta Manduchi
 is a subclass from Objectif de transformation des données
</text>
                          <sha1>753hugogitqwnlby9d3k5rdzsa58oj1</sha1>
                        </revision>
                      </page>
                    </mediawiki>