<mediawiki xmlns="http://www.mediawiki.org/xml/export-0.10/" xmlns:xsi="http://www.w3.org/2001/XMLSchema-instance" xsi:schemaLocation="http://www.mediawiki.org/xml/export-0.10/ http://www.mediawiki.org/xml/export-0.10.xsd" version="0.10" xml:lang="fr">
                   <page>
                      <title>Plan carrégréco-latin</title>
                        <ns>0</ns>
                        <id>0</id>
                        <revision>
                          <id>0</id>
                          <timestamp>2020-07-08T20:09:13Z</timestamp>
                          <contributor>
                            <username>Romain</username>
                            <id>1</id>
                          </contributor>
                          <comment>Un carré gréco-latin ou carr</comment>
                          <model>wikitext</model>
                          <format>text/x-wiki</format><text xml:space="preserve" bytes="12">Un carré gréco-latin ou carré eulérien d&apos;ordre n, sur deux ensembles G et L de chacun n symboles, est un tableau carré de n lignes et n colonnes, contenant les n2 couples de L × G, et où toute ligne et toute colonne contient exactement une fois chaque élément de L (en première position dans l&apos;un des n couples) et chaque élément de G (en seconde position). Il s&apos;agit de la superposition de deux carrés latins orthogonaux l&apos;un à l&apos;autre. On dit aussi carré bilatin.
graeco-latin square design is_a study design which allows in its simpler form controlling 3 levels of nuisance variables (also known as blocking variables). The 3 nuisance factors are divided into a tabular grid with the property that each row and each column receive each treatment exactly once.
Alejandra Gonzalez-Beltran
Jean-Marc Meunier
Orlaith Burke
Philippe Rocca-Serra
https://fr.wikipedia.org/wiki/Carr%C3%A9_gr%C3%A9co-latin
 is a subclass from http://purl.obolibrary.org/obo/OBI_0500000
 is a subclass from Plan en blocs
</text>
                          <sha1>753hugogitqwnlby9d3k5rdzsa58oj1</sha1>
                        </revision>
                      </page>
                    </mediawiki>