<mediawiki xmlns="http://www.mediawiki.org/xml/export-0.10/" xmlns:xsi="http://www.w3.org/2001/XMLSchema-instance" xsi:schemaLocation="http://www.mediawiki.org/xml/export-0.10/ http://www.mediawiki.org/xml/export-0.10.xsd" version="0.10" xml:lang="fr">
                   <page>
                      <title>Plan factoriel partiel</title>
                        <ns>0</ns>
                        <id>0</id>
                        <revision>
                          <id>0</id>
                          <timestamp>2020-07-08T20:09:08Z</timestamp>
                          <contributor>
                            <username>Romain</username>
                            <id>1</id>
                          </contributor>
                          <comment>fractional factorial design
A </comment>
                          <model>wikitext</model>
                          <format>text/x-wiki</format><text xml:space="preserve" bytes="12">fractional factorial design
A fractional factorial design is_a study design in which only an adequately chosen fraction of the treatment combinations required for the complete factorial experiment is selected to be run
Un plan factoriel partielle est un plan d&apos;étude dans lequel seule une fraction choisie adéquate des combinaisons de traitement requises pour l&apos;expérience factorielle complète est sélectionnée pour être exécutée.
Jean-Marc Meunier
Philippe Rocca-Serra
http://www.itl.nist.gov/div898/handbook/pri/section3/pri334.htm From ASQC (1983) Glossary &amp; Tables for Statistical Quality Control
 is a subclass from http://purl.obolibrary.org/obo/OBI_0500014
</text>
                          <sha1>753hugogitqwnlby9d3k5rdzsa58oj1</sha1>
                        </revision>
                      </page>
                    </mediawiki>