<mediawiki xmlns="http://www.mediawiki.org/xml/export-0.10/" xmlns:xsi="http://www.w3.org/2001/XMLSchema-instance" xsi:schemaLocation="http://www.mediawiki.org/xml/export-0.10/ http://www.mediawiki.org/xml/export-0.10.xsd" version="0.10" xml:lang="fr">
                   <page>
                      <title>role</title>
                        <ns>0</ns>
                        <id>0</id>
                        <revision>
                          <id>0</id>
                          <timestamp>2020-07-08T20:09:04Z</timestamp>
                          <contributor>
                            <username>Romain</username>
                            <id>1</id>
                          </contributor>
                          <comment>role
the role of a biological </comment>
                          <model>wikitext</model>
                          <format>text/x-wiki</format><text xml:space="preserve" bytes="12">role
the role of a biological grandfather as legal guardian in the context of a system of laws
the role of a chemical compound in an experiment
the role of a patient relative as defined by a hospital administrative form
the role of a person as a surgeon
the role of a student in a university
the role of a woman as a legal mother in the context of system of laws
the role of ingested matter in digestion
A realizable entitythe manifestation of which brings about some result or end that is not essential to a continuantin virtue of the kind of thing that it is but that can be served or participated in by that kind of continuantin some kinds of natural, social or institutional contexts.
 is a subclass from http://purl.obolibrary.org/obo/BFO_0000017
</text>
                          <sha1>753hugogitqwnlby9d3k5rdzsa58oj1</sha1>
                        </revision>
                      </page>
                    </mediawiki>