<mediawiki xmlns="http://www.mediawiki.org/xml/export-0.10/" xmlns:xsi="http://www.w3.org/2001/XMLSchema-instance" xsi:schemaLocation="http://www.mediawiki.org/xml/export-0.10/ http://www.mediawiki.org/xml/export-0.10.xsd" version="0.10" xml:lang="fr">
                   <page>
                      <title>Régresssion probit</title>
                        <ns>0</ns>
                        <id>0</id>
                        <revision>
                          <id>0</id>
                          <timestamp>2020-07-08T20:09:11Z</timestamp>
                          <contributor>
                            <username>Romain</username>
                            <id>1</id>
                          </contributor>
                          <comment>Le modèle de régression de p</comment>
                          <model>wikitext</model>
                          <format>text/x-wiki</format><text xml:space="preserve" bytes="12">Le modèle de régression de probit est un modèle qui tente d&apos;expliquer la distribution de données associée à variable dichotomique (variable dépendante) en fonction de valeurs de la variable indépendante en utilisant une fonctionfonction probit également appelée fonction quantile, c&apos;est-à-dire la fonction de distribution cumulative inverse (CDF), associée à la distribution normale standard.
probit regression model is a model which attempts to explain data distribution associated with *dichotomous* response/dependent variable in terms of values assumed by the independent variable uses a function of predictor/independent variable(s): the function used in this instance of regression modeling is the probit function aka the quantile function, i.e., the inverse cumulative distribution function (CDF), associated with the standard normal distribution.
Alejandra Gonzalez-Beltran
Jean-Marc Meunier
Orlaith Burke
Philippe Rocca-Serra
STATO, adapted from wikipedia (http://en.wikipedia.org/wiki/Probit_model) polled in June 2013
</text>
                          <sha1>753hugogitqwnlby9d3k5rdzsa58oj1</sha1>
                        </revision>
                      </page>
                    </mediawiki>