<mediawiki xmlns="http://www.mediawiki.org/xml/export-0.10/" xmlns:xsi="http://www.w3.org/2001/XMLSchema-instance" xsi:schemaLocation="http://www.mediawiki.org/xml/export-0.10/ http://www.mediawiki.org/xml/export-0.10.xsd" version="0.10" xml:lang="fr">
                   <page>
                      <title>specimen role</title>
                        <ns>0</ns>
                        <id>0</id>
                        <revision>
                          <id>0</id>
                          <timestamp>2020-07-08T20:09:05Z</timestamp>
                          <contributor>
                            <username>Romain</username>
                            <id>1</id>
                          </contributor>
                          <comment>specimen role
liver section; a</comment>
                          <model>wikitext</model>
                          <format>text/x-wiki</format><text xml:space="preserve" bytes="12">specimen role
liver section; a portion of a culture of cells; a nemotode or other animal once no longer a subject (generally killed); portion of blood from a patient.
a role borne by a material entity that is gained during a specimen collection process and that can be realized by use of the specimen in an investigation
22Jun09.The definition includes whole organisms, and can include a human.The link between specimen role and study subject role has been removed.A specimen taken as part of a case study is not considered to be a population representative, while a specimen taken as representing a population, e.g. person taken from a cohort, blood specimen taken from an animal) would be considered a population representative and would also bear material sample role.
Note: definition is in specimen creation objective which is defined as an objective to obtain and store a material entity for potential use as an input during an investigation.
GROUP:Role Branch
OBI
</text>
                          <sha1>753hugogitqwnlby9d3k5rdzsa58oj1</sha1>
                        </revision>
                      </page>
                    </mediawiki>