<mediawiki xmlns="http://www.mediawiki.org/xml/export-0.10/" xmlns:xsi="http://www.w3.org/2001/XMLSchema-instance" xsi:schemaLocation="http://www.mediawiki.org/xml/export-0.10/ http://www.mediawiki.org/xml/export-0.10.xsd" version="0.10" xml:lang="fr">
                   <page>
                      <title>Structure anisotropique de covariance de Matern</title>
                        <ns>0</ns>
                        <id>0</id>
                        <revision>
                          <id>0</id>
                          <timestamp>2020-07-08T20:09:16Z</timestamp>
                          <contributor>
                            <username>Romain</username>
                            <id>1</id>
                          </contributor>
                          <comment>En statistiques, la covariance</comment>
                          <model>wikitext</model>
                          <format>text/x-wiki</format><text xml:space="preserve" bytes="12">En statistiques, la covariance de Matérn (nommée d&apos;après le statisticien forestier suédois Bertil Matérn) est une fonction de covariance utilisée dans les statistiques spatiales, la géostatistique, l&apos;apprentissage par machine, l&apos;analyse d&apos;image et d&apos;autres applications d&apos;analyse statistique multivariée sur les espaces métriques. Il est couramment utilisé pour définir la covariance statistique entre les mesures effectuées à deux points qui sont des unités D éloignées l&apos;une de l&apos;autre. Comme la covariance dépend uniquement des distances entre les points, elle est stationnaire. Si la distance est à distance euclidienne, la covariance Matérn est également isotrope.
In statistics, the Matérn covariance (named after the Swedish forestry statistician Bertil Matérn[1]) is a covariance function used in spatial statistics, geostatistics, machine learning, image analysis, and other applications of multivariate statistical analysis on metric spaces. It is commonly used to define the statistical covariance between measurements made at two points that are d units distant from each other. Since the covariance only depends on distances between points, it is stationary. If the distance is Euclidean distance, the Matérn covariance is also isotropic.
Alejandra Gonzalez-Beltran
Camille Maumet
Jean-Marc Meunier
Orlaith Burke
Philippe Rocca-Serra
Tom Nichols

http://support.sas.com/documentation/cdl/en/statug/63033/HTML/default/viewer.htm#statug_mixed_sect019.htm
https://en.wikipedia.org/wiki/Mat%C3%A9rn_covariance_function
 is a subclass from http://purl.obolibrary.org/obo/STATO_0000346
</text>
                          <sha1>753hugogitqwnlby9d3k5rdzsa58oj1</sha1>
                        </revision>
                      </page>
                    </mediawiki>