<mediawiki xmlns="http://www.mediawiki.org/xml/export-0.10/" xmlns:xsi="http://www.w3.org/2001/XMLSchema-instance" xsi:schemaLocation="http://www.mediawiki.org/xml/export-0.10/ http://www.mediawiki.org/xml/export-0.10.xsd" version="0.10" xml:lang="fr">
                   <page>
                      <title>Support d&apos;information</title>
                        <ns>0</ns>
                        <id>0</id>
                        <revision>
                          <id>0</id>
                          <timestamp>2020-07-08T20:09:04Z</timestamp>
                          <contributor>
                            <username>Romain</username>
                            <id>1</id>
                          </contributor>
                          <comment>information carrier
In the cas</comment>
                          <model>wikitext</model>
                          <format>text/x-wiki</format><text xml:space="preserve" bytes="12">information carrier
In the case of a printed paperback novel the physicality of the ink and of the paper form part of the information bearer. The qualities of appearing black and having a certain pattern for the ink and appearing white for the paper form part of the information carrier in this case.
A quality of an information bearer that imparts the information content
Une qualité d&apos;un suport d&apos;informations qui donne le contenu de l&apos;information.
12/15/09: There is a concern that some ways that carry information may be processes rather than qualities, such as in a &apos;delayed wave carrier&apos;.
Jean-Marc Meunier
PERSON: Alan Ruttenberg
Smith, Ceusters, Ruttenberg, 2000 years of philosophy
 is a subclass from Qualité
</text>
                          <sha1>753hugogitqwnlby9d3k5rdzsa58oj1</sha1>
                        </revision>
                      </page>
                    </mediawiki>