<mediawiki xmlns="http://www.mediawiki.org/xml/export-0.10/" xmlns:xsi="http://www.w3.org/2001/XMLSchema-instance" xsi:schemaLocation="http://www.mediawiki.org/xml/export-0.10/ http://www.mediawiki.org/xml/export-0.10.xsd" version="0.10" xml:lang="fr">
                   <page>
                      <title>Série temporelle</title>
                        <ns>0</ns>
                        <id>0</id>
                        <revision>
                          <id>0</id>
                          <timestamp>2020-07-08T20:09:08Z</timestamp>
                          <contributor>
                            <username>Romain</username>
                            <id>1</id>
                          </contributor>
                          <comment>time series design
PMID: 14744</comment>
                          <model>wikitext</model>
                          <format>text/x-wiki</format><text xml:space="preserve" bytes="12">time series design
PMID: 14744830-Microarrays are powerful tools for surveying the expression levels of many thousands of genes simultaneously. They belong to the new genomics technologies which have important applications in the biological, agricultural and pharmaceutical sciences. There are myriad sources of uncertainty in microarray experiments, and rigorous experimental design is essential for fully realizing the potential of these valuable resources. Two questions frequently asked by biologists on the brink of conducting cDNA or two-colour, spotted microarray experiments are &apos;Which mRNA samples should be competitively hybridized together on the same slide?&apos; and &apos;How many times should each slide be replicated?&apos; Early experience has shown that whilst the field of classical experimental design has much to offer this emerging multi-disciplinary area, new approaches which accommodate features specific to the microarray context are needed. In this paper, we propose optimal designs for factorial and time course experiments, which are special designs arising quite frequently in microarray experimentation. Our criterion for optimality is statistical efficiency based on a new notion of admissible designs; our approach enables efficient designs to be selected subject to the information available on the effects of most interest to biologists, the number of arrays available for the experiment, and other resource or practical constraints, including limitations on the amount of mRNA probe. We show that our designs are superior to both the popular reference designs, which are highly inefficient, and to designs incorporating all possible direct pairwise comparisons. Moreover, our proposed designs represent a substantial practical improvement over classical experimental designs which work in terms of standard interactions and main effects. The latter do not provide a basis for meaningful inference on the effects of most interest to biologists, nor make the most efficient use of valuable and limited resources.
Groupes d&apos;essais liés à une série chronologique.
Groups of assays that are related as part of a time series.
PRS-AGB adding formal restriction on independent variable specification about time (march 2013) and making time series design class a defined class.
Jean-Marc Meunier
Philippe Rocca-Serra on behalf of MO
MO_887
 is a subclass from http://purl.obolibrary.org/obo/OBI_0500000
</text>
                          <sha1>753hugogitqwnlby9d3k5rdzsa58oj1</sha1>
                        </revision>
                      </page>
                    </mediawiki>