<mediawiki xmlns="http://www.mediawiki.org/xml/export-0.10/" xmlns:xsi="http://www.w3.org/2001/XMLSchema-instance" xsi:schemaLocation="http://www.mediawiki.org/xml/export-0.10/ http://www.mediawiki.org/xml/export-0.10.xsd" version="0.10" xml:lang="fr">
                   <page>
                      <title>Transformation de données par correction d&apos;erreur</title>
                        <ns>0</ns>
                        <id>0</id>
                        <revision>
                          <id>0</id>
                          <timestamp>2020-07-08T20:09:06Z</timestamp>
                          <contributor>
                            <username>Romain</username>
                            <id>1</id>
                          </contributor>
                          <comment>error correction data transfor</comment>
                          <model>wikitext</model>
                          <format>text/x-wiki</format><text xml:space="preserve" bytes="12">error correction data transformation
An error correction data transformation is a data transformation that has the objective of error correction, where the aim is to remove (correct for) erroneous contributions from the input to the data transformation.
Une transformation de données parcorrection d&apos;erreur est une transformation de données qui a pour objectif la correction d&apos;erreur, càd de supprimer (corriger) les contributions erronées des données d&apos;entrée.
James Malone
Jean-Marc Meunier
Monnie McGee
EDITORS
 is a subclass from http://purl.obolibrary.org/obo/OBI_0200000
</text>
                          <sha1>753hugogitqwnlby9d3k5rdzsa58oj1</sha1>
                        </revision>
                      </page>
                    </mediawiki>