<mediawiki xmlns="http://www.mediawiki.org/xml/export-0.10/" xmlns:xsi="http://www.w3.org/2001/XMLSchema-instance" xsi:schemaLocation="http://www.mediawiki.org/xml/export-0.10/ http://www.mediawiki.org/xml/export-0.10.xsd" version="0.10" xml:lang="fr">
                   <page>
                      <title>Unité de mesure</title>
                        <ns>0</ns>
                        <id>0</id>
                        <revision>
                          <id>0</id>
                          <timestamp>2020-07-08T20:09:04Z</timestamp>
                          <contributor>
                            <username>Romain</username>
                            <id>1</id>
                          </contributor>
                          <comment>measurement unit label
Example</comment>
                          <model>wikitext</model>
                          <format>text/x-wiki</format><text xml:space="preserve" bytes="12">measurement unit label
Examples of measurement unit labels are liters, inches, weight per volume.
A data item label that denotes a unit of measure.
Une étiquette de donnée qui dénote une unité de mesure.
2009-03-16: review of this term done during during the OBI workshop winter 2009 and the current definition was considered acceptable for use in OBI. If there is a need to modify this definition please notify OBI.
Jean-Marc Meunier
PERSON: Alan Ruttenberg
PERSON: Melanie Courtot
 is a subclass from data item label
</text>
                          <sha1>753hugogitqwnlby9d3k5rdzsa58oj1</sha1>
                        </revision>
                      </page>
                    </mediawiki>