<mediawiki xmlns="http://www.mediawiki.org/xml/export-0.10/" xmlns:xsi="http://www.w3.org/2001/XMLSchema-instance" xsi:schemaLocation="http://www.mediawiki.org/xml/export-0.10/ http://www.mediawiki.org/xml/export-0.10.xsd" version="0.10" xml:lang="fr">
                   <page>
                      <title>Algorithme</title>
                        <ns>0</ns>
                        <id>0</id>
                        <revision>
                          <id>0</id>
                          <timestamp>2020-07-08T20:09:20Z</timestamp>
                          <contributor>
                            <username>Romain</username>
                            <id>1</id>
                          </contributor>
                          <comment>algorithm
PMID: 18378114.Genom</comment>
                          <model>wikitext</model>
                          <format>text/x-wiki</format><text xml:space="preserve" bytes="12">algorithm
PMID: 18378114.Genomics. 2008 Mar 28. LINKGEN: A new algorithm to process data in genetic linkage studies.
A plan specification which describes inputs, output of mathematical functions as well as workflow of execution for achieving an predefined objective. Algorithms are realized usually by means of implementation as computer programs for execution by automata.
C&apos;est un planqui décrit les entrées, la sortie des fonctions mathématiques ainsi que le flux de travail de l&apos;exécution pour atteindre un objectif prédéfini. Les algorithmes sont généralement réalisés par la mise en œuvre en tant que programmes informatiques pour l&apos;exécution par automates.
Jean-Marc Meunier
Philippe Rocca-Serra
PlanAndPlannedProcess Branch
OBI_0000270
adapted from discussion on OBI list (Matthew Pocock, Christian Cocos, Alan Ruttenberg)
 is a subclass from http://purl.obolibrary.org/obo/IAO_0000104
</text>
                          <sha1>753hugogitqwnlby9d3k5rdzsa58oj1</sha1>
                        </revision>
                      </page>
                    </mediawiki>