<mediawiki xmlns="http://www.mediawiki.org/xml/export-0.10/" xmlns:xsi="http://www.w3.org/2001/XMLSchema-instance" xsi:schemaLocation="http://www.mediawiki.org/xml/export-0.10/ http://www.mediawiki.org/xml/export-0.10.xsd" version="0.10" xml:lang="fr">
                   <page>
                      <title>Calcul de la tendance centrale</title>
                        <ns>0</ns>
                        <id>0</id>
                        <revision>
                          <id>0</id>
                          <timestamp>2020-07-08T20:09:23Z</timestamp>
                          <contributor>
                            <username>Romain</username>
                            <id>1</id>
                          </contributor>
                          <comment>center calculation data transf</comment>
                          <model>wikitext</model>
                          <format>text/x-wiki</format><text xml:space="preserve" bytes="12">center calculation data transformation
A center calculation data transformation is a data transformation that has objective of center calculation.
Le calculde la tendance centrale est une transformation de données qui pour objectif le calculde la tendance centrale.
Pourquoi la moyenne n&apos;appartient pas à cette classe ?
James Malone
Jean-MarcMeunier
Transformation de données par calcul de la tendance centrale
PERSON: James Malone
 is a subclass from http://purl.obolibrary.org/obo/OBI_0200000
</text>
                          <sha1>753hugogitqwnlby9d3k5rdzsa58oj1</sha1>
                        </revision>
                      </page>
                    </mediawiki>