<mediawiki xmlns="http://www.mediawiki.org/xml/export-0.10/" xmlns:xsi="http://www.w3.org/2001/XMLSchema-instance" xsi:schemaLocation="http://www.mediawiki.org/xml/export-0.10/ http://www.mediawiki.org/xml/export-0.10.xsd" version="0.10" xml:lang="fr">
                   <page>
                      <title>cloning insert role</title>
                        <ns>0</ns>
                        <id>0</id>
                        <revision>
                          <id>0</id>
                          <timestamp>2020-07-08T20:09:21Z</timestamp>
                          <contributor>
                            <username>Romain</username>
                            <id>1</id>
                          </contributor>
                          <comment>cloning insert role
cloning in</comment>
                          <model>wikitext</model>
                          <format>text/x-wiki</format><text xml:space="preserve" bytes="12">cloning insert role
cloning insert role is a role which inheres in DNA or RNA and is realized by the process of being inserted into a cloning vector in a cloning process.
Feb 20, 2009.from Wikipedia:cloning of any DNA fragment essentially involves four steps: DNA fragmentation with restriction endonucleases, ligation of DNA fragments to a vector, transfection, and screening/selection.There are multiple processes involved, it is not just &quot;cloning process&quot;
GROUP: Role branch
OBII and Wikipedia
 is a subclass from role
</text>
                          <sha1>753hugogitqwnlby9d3k5rdzsa58oj1</sha1>
                        </revision>
                      </page>
                    </mediawiki>