<mediawiki xmlns="http://www.mediawiki.org/xml/export-0.10/" xmlns:xsi="http://www.w3.org/2001/XMLSchema-instance" xsi:schemaLocation="http://www.mediawiki.org/xml/export-0.10/ http://www.mediawiki.org/xml/export-0.10.xsd" version="0.10" xml:lang="fr">
                   <page>
                      <title>continuant</title>
                        <ns>0</ns>
                        <id>0</id>
                        <revision>
                          <id>0</id>
                          <timestamp>2020-07-08T20:09:19Z</timestamp>
                          <contributor>
                            <username>Romain</username>
                            <id>1</id>
                          </contributor>
                          <comment>continuant
a heart
a person
a </comment>
                          <model>wikitext</model>
                          <format>text/x-wiki</format><text xml:space="preserve" bytes="12">continuant
a heart
a person
a symphony orchestra
the color of a tomato
the disposition of blood to coagulate
the lawn and atmosphere in front of our building
the mass of a cloud
An entitythat exists in full at any time in which it exists at all, persists through time while maintaining its identity and has no temporal parts.
Une entité qui existe comme un tout, persiste à travers le temps tout en conservant son identité et n&apos;a pas de parties temporelles.
endurant
 is a subclass from http://purl.obolibrary.org/obo/BFO_0000001
</text>
                          <sha1>753hugogitqwnlby9d3k5rdzsa58oj1</sha1>
                        </revision>
                      </page>
                    </mediawiki>