<mediawiki xmlns="http://www.mediawiki.org/xml/export-0.10/" xmlns:xsi="http://www.w3.org/2001/XMLSchema-instance" xsi:schemaLocation="http://www.mediawiki.org/xml/export-0.10/ http://www.mediawiki.org/xml/export-0.10.xsd" version="0.10" xml:lang="fr">
                   <page>
                      <title>Diagramme Quantile-Quantile</title>
                        <ns>0</ns>
                        <id>0</id>
                        <revision>
                          <id>0</id>
                          <timestamp>2020-07-08T20:09:30Z</timestamp>
                          <contributor>
                            <username>Romain</username>
                            <id>1</id>
                          </contributor>
                          <comment>En statistiques, le diagramme </comment>
                          <model>wikitext</model>
                          <format>text/x-wiki</format><text xml:space="preserve" bytes="12">En statistiques, le diagramme Quantile-Quantile ou diagramme Q-Q ou Q-Q plot est un outil graphique permettant d&apos;évaluer la pertinence de l&apos;ajustement d&apos;une distribution do

Q-Q plot or quantile-quantile plot is the output of a graphical method for comparing two probability distributions by plotting their quantiles against each other
PRS,AGB: need to add the notion of quantile
Alejandra Gonzalez-Beltran
Jean-Marc Meunier
Orlaith Burke
Philippe Rocca-Serra
Diagramme QQ
STATO
https://fr.wikipedia.org/wiki/Diagramme_Quantile-Quantile
</text>
                          <sha1>753hugogitqwnlby9d3k5rdzsa58oj1</sha1>
                        </revision>
                      </page>
                    </mediawiki>