<mediawiki xmlns="http://www.mediawiki.org/xml/export-0.10/" xmlns:xsi="http://www.w3.org/2001/XMLSchema-instance" xsi:schemaLocation="http://www.mediawiki.org/xml/export-0.10/ http://www.mediawiki.org/xml/export-0.10.xsd" version="0.10" xml:lang="fr">
                   <page>
                      <title>Diagramme radial de Galbraith</title>
                        <ns>0</ns>
                        <id>0</id>
                        <revision>
                          <id>0</id>
                          <timestamp>2020-07-08T20:09:30Z</timestamp>
                          <contributor>
                            <username>Romain</username>
                            <id>1</id>
                          </contributor>
                          <comment>Galbraith (Radial) plot is a s</comment>
                          <model>wikitext</model>
                          <format>text/x-wiki</format><text xml:space="preserve" bytes="12">Galbraith (Radial) plot is a scatter plot which can be used in the meta-analytic context to examine the data for heterogeneity. For a fixed-effects model, the plot shows the inverse of the standard errors on the horizontal axis against the individual observed effect sizes or outcomes standardized by their corresponding standa

Le diagramme de Galbraith (Radial) est un diagramme de dispersion qui peut être utilisé dans le contexte méta-analytique pour examiner l&apos;hétérogénéité des données. Pour un modèle à effets fixes, le graphique montre l&apos;inverse des erreurs standard sur l&apos;axe horizontal par rapport aux différentes tailles d&apos;effet observées ou aux résultats normalisés par leurs erreurs standard correspondantes sur l&apos;axe vertical. Des diagrammes radiaux ont été introduits par Rex Galbraith (1988a, 1988b, 1994).
Alejandra Gonzalez-Beltran
Jean-Marc Meunier
Orlaith Burke
Philippe Rocca-Serra
Galbraith, Rex (1988). &quot;Graphical display of estimates having differing standard errors&quot;. Technometrics (Technometrics, Vol. 30, No. 3) 30 (3): 271–281. doi:10.2307/1270081. JSTOR 1270081
</text>
                          <sha1>753hugogitqwnlby9d3k5rdzsa58oj1</sha1>
                        </revision>
                      </page>
                    </mediawiki>