<mediawiki xmlns="http://www.mediawiki.org/xml/export-0.10/" xmlns:xsi="http://www.w3.org/2001/XMLSchema-instance" xsi:schemaLocation="http://www.mediawiki.org/xml/export-0.10/ http://www.mediawiki.org/xml/export-0.10.xsd" version="0.10" xml:lang="fr">
                   <page>
                      <title>Distribution de Bernouilli</title>
                        <ns>0</ns>
                        <id>0</id>
                        <revision>
                          <id>0</id>
                          <timestamp>2020-07-08T20:09:30Z</timestamp>
                          <contributor>
                            <username>Romain</username>
                            <id>1</id>
                          </contributor>
                          <comment>Bernoulli distribution is a bi</comment>
                          <model>wikitext</model>
                          <format>text/x-wiki</format><text xml:space="preserve" bytes="12">Bernoulli distribution is a binomial distribution where the 

La distribution de Bernoulli est bien adaptée lorsqu&apos;un &quot;essai&quot; produit soit un &quot;succès&quot;, soit un &quot;échec&quot;, comme le lancé d&apos;une pièce à pile ou face, ou le succès ou l&apos;échec à une opération chirurgicale. La distribution de Ber

Alejandra Gonzalez-Beltran
Jean-Marc Meunier
Orlaith Burke
Philippe Rocca-Serra
http://www.statsoft.fr/concepts-statistiques/glossaire/d/distribution-bernoulli.html
 is a subclass from http://purl.obolibrary.org/obo/STATO_0000276
</text>
                          <sha1>753hugogitqwnlby9d3k5rdzsa58oj1</sha1>
                        </revision>
                      </page>
                    </mediawiki>