<mediawiki xmlns="http://www.mediawiki.org/xml/export-0.10/" xmlns:xsi="http://www.w3.org/2001/XMLSchema-instance" xsi:schemaLocation="http://www.mediawiki.org/xml/export-0.10/ http://www.mediawiki.org/xml/export-0.10.xsd" version="0.10" xml:lang="fr">
                   <page>
                      <title>Distribution non paramétrique</title>
                        <ns>0</ns>
                        <id>0</id>
                        <revision>
                          <id>0</id>
                          <timestamp>2020-07-08T20:09:32Z</timestamp>
                          <contributor>
                            <username>Romain</username>
                            <id>1</id>
                          </contributor>
                          <comment>Distribution de probabilités </comment>
                          <model>wikitext</model>
                          <format>text/x-wiki</format><text xml:space="preserve" bytes="12">Distribution de probabilités estimée empiriquement sur les données sans hypothèse sur la forme de la distribution de probabilités.
Probability distribution estimated empirically on the data without assumptions on the shape of the probability distribution.
Camille Maumet
Jean-Marc Meunier
Karl Helmer
Philippe Rocca-Serra
Thomas Nichols
Initially discussed at https://github.com/incf-nidash/nidm/pull/191
</text>
                          <sha1>753hugogitqwnlby9d3k5rdzsa58oj1</sha1>
                        </revision>
                      </page>
                    </mediawiki>