<mediawiki xmlns="http://www.mediawiki.org/xml/export-0.10/" xmlns:xsi="http://www.w3.org/2001/XMLSchema-instance" xsi:schemaLocation="http://www.mediawiki.org/xml/export-0.10/ http://www.mediawiki.org/xml/export-0.10.xsd" version="0.10" xml:lang="fr">
                   <page>
                      <title>Distribution par noyaux lisses</title>
                        <ns>0</ns>
                        <id>0</id>
                        <revision>
                          <id>0</id>
                          <timestamp>2020-07-08T20:09:32Z</timestamp>
                          <contributor>
                            <username>Romain</username>
                            <id>1</id>
                          </contributor>
                          <comment>La distribution de probabilit�</comment>
                          <model>wikitext</model>
                          <format>text/x-wiki</format><text xml:space="preserve" bytes="12">La distribution de probabilité est estimée à l&apos;aide d&apos;une fonction par noyaux lisses pour éviter de faire des hypothèses concernant la distribution des données. L&apos;estimateur de densité parnoyaux est la fonction de densité de probabilité estimée de la variable aléatoire.
Probability distribution estimated using a smooth kernel function to avoid making assumptions about the distribution of the data. The kernel density estimator is the estimated probability density function (pdf) of the random variable.
Alejandra Gonzalez-Beltran
Camille Maumet
Jean-Marc Meunier
Orlaith Burke
Philippe Rocca-Serra
Thomas Nichols
http://uk.mathworks.com/help

 is a subclass from http://purl.obolibrary.org/obo/STATO_0000225
</text>
                          <sha1>753hugogitqwnlby9d3k5rdzsa58oj1</sha1>
                        </revision>
                      </page>
                    </mediawiki>