<mediawiki xmlns="http://www.mediawiki.org/xml/export-0.10/" xmlns:xsi="http://www.w3.org/2001/XMLSchema-instance" xsi:schemaLocation="http://www.mediawiki.org/xml/export-0.10/ http://www.mediawiki.org/xml/export-0.10.xsd" version="0.10" xml:lang="fr">
                   <page>
                      <title>Entité textuelle</title>
                        <ns>0</ns>
                        <id>0</id>
                        <revision>
                          <id>0</id>
                          <timestamp>2020-07-08T20:09:20Z</timestamp>
                          <contributor>
                            <username>Romain</username>
                            <id>1</id>
                          </contributor>
                          <comment>textual entity
Words, sentence</comment>
                          <model>wikitext</model>
                          <format>text/x-wiki</format><text xml:space="preserve" bytes="12">textual entity
Words, sentences, paragraphs, and the written (non-figure) parts of publications are all textual entities
A textual entity is a part of a manifestation (FRBR sense), a generically dependent continuant whose concretizations are patterns of glyphs intended to be interpreted as words, formulas, etc.
Une entité textuelle est une partie d&apos;une manifestation (sens FRBR), un continuant générique dont lesconcrétisations sont constituées de signes destinés à être interprétés comme des mots, des formules, etc.
AR, (IAO call 2009-09-01): a document as a whole is not typically a textual entity, because it has pictures in it - rather there are parts of it that are textual entities. Examples: The title, paragraph 2 sentence 7, etc.
MC, 2009-09-14 (following IAO call 2009-09-01): textual entities live at the FRBR (http://en.wikipedia.org/wiki/Functional_Requirements_for_Bibliographic_Records) manifestation level. Everything is significant: line break, pdf and html versions of same document are different textual entities.
Jean-Marc Meunier
PERSON: Lawrence Hunter
text
 is a subclass from http://purl.obolibrary.org/obo/IAO_0000030
</text>
                          <sha1>753hugogitqwnlby9d3k5rdzsa58oj1</sha1>
                        </revision>
                      </page>
                    </mediawiki>