<mediawiki xmlns="http://www.mediawiki.org/xml/export-0.10/" xmlns:xsi="http://www.w3.org/2001/XMLSchema-instance" xsi:schemaLocation="http://www.mediawiki.org/xml/export-0.10/ http://www.mediawiki.org/xml/export-0.10.xsd" version="0.10" xml:lang="fr">
                   <page>
                      <title>genetic association study</title>
                        <ns>0</ns>
                        <id>0</id>
                        <revision>
                          <id>0</id>
                          <timestamp>2020-07-08T20:09:29Z</timestamp>
                          <contributor>
                            <username>Romain</username>
                            <id>1</id>
                          </contributor>
                          <comment>A genetic association study is</comment>
                          <model>wikitext</model>
                          <format>text/x-wiki</format><text xml:space="preserve" bytes="12">A genetic association study is a kind of study whose objective is to detect associations between phenotypes, between a phenotype and a genetic polymorphism or between two genetic polymorphisms.
Alejandra Gonzalez-Beltran
Orlaith Burke
Philippe Rocca-Serra
http://en.wikipedia.org/wiki/Genetic_association
 is a subclass from http://purl.obolibrary.org/obo/OBI_0000066
</text>
                          <sha1>753hugogitqwnlby9d3k5rdzsa58oj1</sha1>
                        </revision>
                      </page>
                    </mediawiki>