<mediawiki xmlns="http://www.mediawiki.org/xml/export-0.10/" xmlns:xsi="http://www.w3.org/2001/XMLSchema-instance" xsi:schemaLocation="http://www.mediawiki.org/xml/export-0.10/ http://www.mediawiki.org/xml/export-0.10.xsd" version="0.10" xml:lang="fr">
                   <page>
                      <title>genomic coordinate datum</title>
                        <ns>0</ns>
                        <id>0</id>
                        <revision>
                          <id>0</id>
                          <timestamp>2020-07-08T20:09:26Z</timestamp>
                          <contributor>
                            <username>Romain</username>
                            <id>1</id>
                          </contributor>
                          <comment>genomic coordinate datum is a </comment>
                          <model>wikitext</model>
                          <format>text/x-wiki</format><text xml:space="preserve" bytes="12">genomic coordinate datum is a data item which denotes a genomic position expressed using a genomic coordinate system
Alejandra Gonzalez-Beltran
Orlaith Burke
Philippe Rocca-Serra
STATO
 is a subclass from http://purl.obolibrary.org/obo/IAO_0000027
</text>
                          <sha1>753hugogitqwnlby9d3k5rdzsa58oj1</sha1>
                        </revision>
                      </page>
                    </mediawiki>