<mediawiki xmlns="http://www.mediawiki.org/xml/export-0.10/" xmlns:xsi="http://www.w3.org/2001/XMLSchema-instance" xsi:schemaLocation="http://www.mediawiki.org/xml/export-0.10/ http://www.mediawiki.org/xml/export-0.10.xsd" version="0.10" xml:lang="fr">
                   <page>
                      <title>Graphique àpoints</title>
                        <ns>0</ns>
                        <id>0</id>
                        <revision>
                          <id>0</id>
                          <timestamp>2020-07-08T20:09:20Z</timestamp>
                          <contributor>
                            <username>Romain</username>
                            <id>1</id>
                          </contributor>
                          <comment>dot plot
Dot plot of SSC-H and</comment>
                          <model>wikitext</model>
                          <format>text/x-wiki</format><text xml:space="preserve" bytes="12">dot plot
Dot plot of SSC-H and FSC-H.
A dot plot is a report graph which is a graphical representation of data where each data point is represented by a single dot placed on coordinates corresponding to data point values in particular dimensions.
Un tracé de points est une représentation graphique de données où chaque point de données est représenté par un seul point placé sur des coordonnées correspondant aux valeurs de points de données dans des dimensions particulières.
Jean-Marc Meunier
person:Allyson Lister
person:Chris Stoeckert
OBI_0000123
group:OBI
 is a subclass from Graphe
</text>
                          <sha1>753hugogitqwnlby9d3k5rdzsa58oj1</sha1>
                        </revision>
                      </page>
                    </mediawiki>