<mediawiki xmlns="http://www.mediawiki.org/xml/export-0.10/" xmlns:xsi="http://www.w3.org/2001/XMLSchema-instance" xsi:schemaLocation="http://www.mediawiki.org/xml/export-0.10/ http://www.mediawiki.org/xml/export-0.10.xsd" version="0.10" xml:lang="fr">
                   <page>
                      <title>Graphique en ligne</title>
                        <ns>0</ns>
                        <id>0</id>
                        <revision>
                          <id>0</id>
                          <timestamp>2020-07-08T20:09:20Z</timestamp>
                          <contributor>
                            <username>Romain</username>
                            <id>1</id>
                          </contributor>
                          <comment>Courbe
line graph
A line chart</comment>
                          <model>wikitext</model>
                          <format>text/x-wiki</format><text xml:space="preserve" bytes="12">Courbe
line graph
A line chart or line graph is a type of chart which displays information as a series of data points called &apos;markers&apos; connected by straight line segments. It is a basic type of chart common in many fields
Un graphique linéaire ou graphique linéaire est un type de graphique qui affiche des informations comme une série de points de données appelés «marqueurs» connectés par des segments de droite. C&apos;est un type de graphique basique commun dans de nombreux domaines.
Jean-Marc Meunier
PERSON:Chris Stoeckert
PERSON:Melanie Courtot
line chart
GROUP:OBI
WEB: http://en.wikipedia.org/wiki/Line_chart
 is a subclass from Graphe
</text>
                          <sha1>753hugogitqwnlby9d3k5rdzsa58oj1</sha1>
                        </revision>
                      </page>
                    </mediawiki>