<mediawiki xmlns="http://www.mediawiki.org/xml/export-0.10/" xmlns:xsi="http://www.w3.org/2001/XMLSchema-instance" xsi:schemaLocation="http://www.mediawiki.org/xml/export-0.10/ http://www.mediawiki.org/xml/export-0.10.xsd" version="0.10" xml:lang="fr">
                   <page>
                      <title>high throughput screening</title>
                        <ns>0</ns>
                        <id>0</id>
                        <revision>
                          <id>0</id>
                          <timestamp>2020-07-08T20:09:30Z</timestamp>
                          <contributor>
                            <username>Romain</username>
                            <id>1</id>
                          </contributor>
                          <comment>high throughput screening is a</comment>
                          <model>wikitext</model>
                          <format>text/x-wiki</format><text xml:space="preserve" bytes="12">high throughput screening is a kind of investigation which uses a standardizedassays (cell based, enzymatic or chemometric) to test the effect of substances (RNAi or small molecules) held in libraries on a very specific and measureable outcome (e.g fluorence intensity). it relies on robotic handling to ensure fast and high-throughput in assay performance, data acquisition and hit selection.
Alejandra Gonzalez-Beltran
Orlaith Burke
Philippe Rocca-Serra
AGB,PRS
</text>
                          <sha1>753hugogitqwnlby9d3k5rdzsa58oj1</sha1>
                        </revision>
                      </page>
                    </mediawiki>