<mediawiki xmlns="http://www.mediawiki.org/xml/export-0.10/" xmlns:xsi="http://www.w3.org/2001/XMLSchema-instance" xsi:schemaLocation="http://www.mediawiki.org/xml/export-0.10/ http://www.mediawiki.org/xml/export-0.10.xsd" version="0.10" xml:lang="fr">
                   <page>
                      <title>Loi de puissance</title>
                        <ns>0</ns>
                        <id>0</id>
                        <revision>
                          <id>0</id>
                          <timestamp>2020-07-08T20:09:33Z</timestamp>
                          <contributor>
                            <username>Romain</username>
                            <id>1</id>
                          </contributor>
                          <comment>La loi de puissance est une re</comment>
                          <model>wikitext</model>
                          <format>text/x-wiki</format><text xml:space="preserve" bytes="12">La loi de puissance est une relation mathématique entre deux quantités. Si une quantité est la fréquence d&apos;un évènement et l&apos;autre est la taille d&apos;un évènement, alors la relation est une distribution de la loi de puissance si les fréquences diminuent très lentement lorsque la taille 

a power-law probability distribution is a probability distribution whose density function (or mass function in 

Jean-Marc Meunier
adapted fr

https://fr.wikipedia.org/wiki/Loi_de_puissance
 is a subclass from http://purl.obolibrary.org/obo/STATO_0000225
</text>
                          <sha1>753hugogitqwnlby9d3k5rdzsa58oj1</sha1>
                        </revision>
                      </page>
                    </mediawiki>