<mediawiki xmlns="http://www.mediawiki.org/xml/export-0.10/" xmlns:xsi="http://www.w3.org/2001/XMLSchema-instance" xsi:schemaLocation="http://www.mediawiki.org/xml/export-0.10/ http://www.mediawiki.org/xml/export-0.10.xsd" version="0.10" xml:lang="fr">
                   <page>
                      <title>MA plot</title>
                        <ns>0</ns>
                        <id>0</id>
                        <revision>
                          <id>0</id>
                          <timestamp>2020-07-08T20:09:25Z</timestamp>
                          <contributor>
                            <username>Romain</username>
                            <id>1</id>
                          </contributor>
                          <comment>Un type de graphe est aussi fr</comment>
                          <model>wikitext</model>
                          <format>text/x-wiki</format><text xml:space="preserve" bytes="12">Un type de graphe est aussi fréquemment utilisé pour comparer deux échantillons, une fois les comptes obtenus: le MA-plot. La lettre M représente les log-ratios, et la lettre A est pour &quot;Average&quot; (la moyenne). Comme son nom l&apos;indique, le MA-plot est un plot de la moyenne (en x) contre le ratio (en y) de deux valeurs: l&apos;expression d&apos;un gène dans deux conditions, chaque gène étant un point du graphe.
an MA plot is a scatter plot of the log intensity ratios M = log_2(T/R) versus the average log intensities A = log_2(T*T)/2, where T and R represent the signal intensities in the test and reference channels respectively.
Alejandra Gonzalez-Beltran
Jean-Marc Meunier
Orlaith Burke
Philippe Rocca-Serra
M vs A plot
http://www.stat.berkeley.edu/users/terry/zarray/Software/SMAcode/html/plot.mva.html
https://bioinfo-fr.net/lanalyse-de-donnees-rna-seq-mode-demploi#maplot
</text>
                          <sha1>753hugogitqwnlby9d3k5rdzsa58oj1</sha1>
                        </revision>
                      </page>
                    </mediawiki>