<mediawiki xmlns="http://www.mediawiki.org/xml/export-0.10/" xmlns:xsi="http://www.w3.org/2001/XMLSchema-instance" xsi:schemaLocation="http://www.mediawiki.org/xml/export-0.10/ http://www.mediawiki.org/xml/export-0.10.xsd" version="0.10" xml:lang="fr">
                   <page>
                      <title>microarray</title>
                        <ns>0</ns>
                        <id>0</id>
                        <revision>
                          <id>0</id>
                          <timestamp>2020-07-08T20:09:23Z</timestamp>
                          <contributor>
                            <username>Romain</username>
                            <id>1</id>
                          </contributor>
                          <comment>microarray
An affymetrix U133 </comment>
                          <model>wikitext</model>
                          <format>text/x-wiki</format><text xml:space="preserve" bytes="12">microarray
An affymetrix U133 array is a microarray. Microarrays include 1 and 2-color arrays, custom and commercial arrays (e.g, Affymetrix, Agilent, Nimblegen, Illumina, etc.) for expression profiling, DNA variant detection, protein binding, and other genomic and functional genomic assays.
A processed material that is made to be used in an analyte assay. It consists of a physical immobilisation matrix in which substances that bind the analyte are placed in regular spatial position.
Daniel Schober
PERSON: Chris Stoeckert
 is a subclass from http://purl.obolibrary.org/obo/OBI_0001865
</text>
                          <sha1>753hugogitqwnlby9d3k5rdzsa58oj1</sha1>
                        </revision>
                      </page>
                    </mediawiki>