<mediawiki xmlns="http://www.mediawiki.org/xml/export-0.10/" xmlns:xsi="http://www.w3.org/2001/XMLSchema-instance" xsi:schemaLocation="http://www.mediawiki.org/xml/export-0.10/ http://www.mediawiki.org/xml/export-0.10.xsd" version="0.10" xml:lang="fr">
                   <page>
                      <title>Modèle à effets aléatoires</title>
                        <ns>0</ns>
                        <id>0</id>
                        <revision>
                          <id>0</id>
                          <timestamp>2020-07-08T20:09:27Z</timestamp>
                          <contributor>
                            <username>Romain</username>
                            <id>1</id>
                          </contributor>
                          <comment>Un modèle à effet aléatoire</comment>
                          <model>wikitext</model>
                          <format>text/x-wiki</format><text xml:space="preserve" bytes="12">Un modèle à effet aléatoire, également appelé modèle de composantes de variance, est une sorte de modèle linéaire hiérarchique. Il suppose que l&apos;ensemble de données analysées se compose d&apos;une hiérarchie de différentes populations dont les différences sont liées à cette hiérarchie &quot;.
a random effect(s) model, also called a variance components model, is a kind of hierarchical linear model. It assumes that the dataset being analysed consists of a hierarchy of different populations whose differences relate to that hierarchy.
PRS: this is a stub and more work is needed to reconcile conflicting definitions
Alejandra Gonzalez-Beltran
Jean-Marc Meunier
Orlaith Burke
Philippe Rocca-Serra
variance components model


 is a subclass from http://purl.obolibrary.org/obo/STATO_0000107
</text>
                          <sha1>753hugogitqwnlby9d3k5rdzsa58oj1</sha1>
                        </revision>
                      </page>
                    </mediawiki>