<mediawiki xmlns="http://www.mediawiki.org/xml/export-0.10/" xmlns:xsi="http://www.w3.org/2001/XMLSchema-instance" xsi:schemaLocation="http://www.mediawiki.org/xml/export-0.10/ http://www.mediawiki.org/xml/export-0.10.xsd" version="0.10" xml:lang="fr">
                   <page>
                      <title>Modèle à effets fixes</title>
                        <ns>0</ns>
                        <id>0</id>
                        <revision>
                          <id>0</id>
                          <timestamp>2020-07-08T20:09:26Z</timestamp>
                          <contributor>
                            <username>Romain</username>
                            <id>1</id>
                          </contributor>
                          <comment>Un modèle à effet fixe est u</comment>
                          <model>wikitext</model>
                          <format>text/x-wiki</format><text xml:space="preserve" bytes="12">Un modèle à effet fixe est un modèle statistique qui représente les quantités observées en termes de variables explicatives qui sont traitées comme si les quantités étaient non aléatoires.
a fixed effect model is a statistical model which represents the observed quantities in terms of explanatory variables that are treated as if the quantities were non-random.
PRS: this is a stub and more work is needed to reconcile conflicting definitions
Alejandra Gonzalez-Beltran
Jean-Marc Meunier
Orlaith Burke
Philippe Rocca-Serra


 is a subclass from http://purl.obolibrary.org/obo/STATO_0000107
</text>
                          <sha1>753hugogitqwnlby9d3k5rdzsa58oj1</sha1>
                        </revision>
                      </page>
                    </mediawiki>