<mediawiki xmlns="http://www.mediawiki.org/xml/export-0.10/" xmlns:xsi="http://www.w3.org/2001/XMLSchema-instance" xsi:schemaLocation="http://www.mediawiki.org/xml/export-0.10/ http://www.mediawiki.org/xml/export-0.10.xsd" version="0.10" xml:lang="fr">
                   <page>
                      <title>molecular label role</title>
                        <ns>0</ns>
                        <id>0</id>
                        <revision>
                          <id>0</id>
                          <timestamp>2020-07-08T20:09:24Z</timestamp>
                          <contributor>
                            <username>Romain</username>
                            <id>1</id>
                          </contributor>
                          <comment>molecular label role
a reagent</comment>
                          <model>wikitext</model>
                          <format>text/x-wiki</format><text xml:space="preserve" bytes="12">molecular label role
a reagent role inhering in a molecular entity intended to associate with some molecular target to serve as a proxy for the presence, abundance, or location of this target in a detection of molecular label assay.
MHB (9-29-13): &apos;molecular label role&apos; imported from the Reagent Ontology and replaced OBI:OBI_0000140 (label role)
molecular tracer role
OBI developer call, 3-12-12
 is a subclass from role
</text>
                          <sha1>753hugogitqwnlby9d3k5rdzsa58oj1</sha1>
                        </revision>
                      </page>
                    </mediawiki>