<mediawiki xmlns="http://www.mediawiki.org/xml/export-0.10/" xmlns:xsi="http://www.w3.org/2001/XMLSchema-instance" xsi:schemaLocation="http://www.mediawiki.org/xml/export-0.10/ http://www.mediawiki.org/xml/export-0.10.xsd" version="0.10" xml:lang="fr">
                   <page>
                      <title>Moyenne quadratique</title>
                        <ns>0</ns>
                        <id>0</id>
                        <revision>
                          <id>0</id>
                          <timestamp>2020-07-08T20:09:33Z</timestamp>
                          <contributor>
                            <username>Romain</username>
                            <id>1</id>
                          </contributor>
                          <comment>La moyenne quadratique d&apos;</comment>
                          <model>wikitext</model>
                          <format>text/x-wiki</format><text xml:space="preserve" bytes="12">La moyenne quadratique d&apos;un ensemble de nombres est la racine carrée de la moyenne arithmétique des carrés de ces nombres.
The root mean square (abbreviated RMS or rms), also known as the quadratic mean, in statistics is a statistical measure of central tendency defined as the square root of the m

Alejandra Gonzalez-Beltran
Jean-Marc Meunier
Orlaith Burke
Philippe Rocca-Serra
RMS
root mean square
https://en.wiki

https://fr.wikipedia.org/wiki/Moyenne_quadratique
 is a subclass from http://purl.obolibrary.org/obo/STATO_0000029
</text>
                          <sha1>753hugogitqwnlby9d3k5rdzsa58oj1</sha1>
                        </revision>
                      </page>
                    </mediawiki>