<mediawiki xmlns="http://www.mediawiki.org/xml/export-0.10/" xmlns:xsi="http://www.w3.org/2001/XMLSchema-instance" xsi:schemaLocation="http://www.mediawiki.org/xml/export-0.10/ http://www.mediawiki.org/xml/export-0.10.xsd" version="0.10" xml:lang="fr">
                   <page>
                      <title>Moyenne arithmétique</title>
                        <ns>0</ns>
                        <id>0</id>
                        <revision>
                          <id>0</id>
                          <timestamp>2020-07-08T20:09:21Z</timestamp>
                          <contributor>
                            <username>Romain</username>
                            <id>1</id>
                          </contributor>
                          <comment>average value
Adata item that </comment>
                          <model>wikitext</model>
                          <format>text/x-wiki</format><text xml:space="preserve" bytes="12">average value
Adata item that is produced as the output of an averaging data transformation and represents the average value of the input data.
En mathématiques, la moyenne arithmétique1 d&apos;une série de nombres réels est la somme des valeurs divisée par le nombre de valeurs. C&apos;est ce qu&apos;on appelle la moyenne en langage ordinaire.


PRS and AGB added restriction about &apos;measure of central tendency&apos;, june 2013
Alejandra Gonzalez-Beltran
Jean-Marc Meunier
PERSON: James Malone
PERSON: Monnie McGee
Philippe Rocca-Serra
arithmetic mean
https://fr.wikipedia.org/wiki/Moyenne_arithm%C3%A9tique
 is a subclass from http://purl.obolibrary.org/obo/IAO_0000027
 is a subclass from http://purl.obolibrary.org/obo/IAO_0000109
 is a subclass from http://purl.obolibrary.org/obo/STATO_0000029
</text>
                          <sha1>753hugogitqwnlby9d3k5rdzsa58oj1</sha1>
                        </revision>
                      </page>
                    </mediawiki>