<mediawiki xmlns="http://www.mediawiki.org/xml/export-0.10/" xmlns:xsi="http://www.w3.org/2001/XMLSchema-instance" xsi:schemaLocation="http://www.mediawiki.org/xml/export-0.10/ http://www.mediawiki.org/xml/export-0.10.xsd" version="0.10" xml:lang="fr">
                   <page>
                      <title>Méta analyse</title>
                        <ns>0</ns>
                        <id>0</id>
                        <revision>
                          <id>0</id>
                          <timestamp>2020-07-08T20:09:28Z</timestamp>
                          <contributor>
                            <username>Romain</username>
                            <id>1</id>
                          </contributor>
                          <comment>Une méta-analyse est une dém</comment>
                          <model>wikitext</model>
                          <format>text/x-wiki</format><text xml:space="preserve" bytes="12">Une méta-analyse est une démarche statistique combinant les résultats d&apos;une série d&apos;études indépendantes sur un problème donné. La méta-analyse permet une analyse plus précise des données par l&apos;augmentation du nombre de cas étudiés et de tirer une conclusion globale. Cette démarche est largement utilisée en médecine pour l&apos;interprétation globale d&apos;études cliniques parfois contradictoires. Elle permet aussi de détecter les biais de méthode des études analysées.
meta-analysis is a data transformation which uses the effect size estimates from several independent quantitative scientific studies addressing the same question in order to assess finding consistency. 
Alejandra Gonzalez-Beltran
Jean-Marc Meunier
Orlaith Burke
Philippe Rocca-Serra


https://fr.wikipedia.org/wiki/M%C3%A9ta-analyse
</text>
                          <sha1>753hugogitqwnlby9d3k5rdzsa58oj1</sha1>
                        </revision>
                      </page>
                    </mediawiki>