<mediawiki xmlns="http://www.mediawiki.org/xml/export-0.10/" xmlns:xsi="http://www.w3.org/2001/XMLSchema-instance" xsi:schemaLocation="http://www.mediawiki.org/xml/export-0.10/ http://www.mediawiki.org/xml/export-0.10.xsd" version="0.10" xml:lang="fr">
                   <page>
                      <title>Niveau de facteur</title>
                        <ns>0</ns>
                        <id>0</id>
                        <revision>
                          <id>0</id>
                          <timestamp>2020-07-08T20:09:30Z</timestamp>
                          <contributor>
                            <username>Romain</username>
                            <id>1</id>
                          </contributor>
                          <comment>http://isogenic.info/html/9__t</comment>
                          <model>wikitext</model>
                          <format>text/x-wiki</format><text xml:space="preserve" bytes="12">http://isogenic.info/html/9__treatments.html#factorial
A factor level is data item which corresponds to one of the value assumed by a factor or independent variable manipulated and set by the experimentalist. In the context of factorial design, a factor level is assumed to be or treated as a category in a categorical variable
Un niveau de facteur est un élément de données qui correspond à l&apos;une des valeurs d&apos;un facteur ou d&apos;une variable indépendante manipulée et définie par l&apos;expérimentateur. Dans le contexte de la conception factorielle, on suppose qu&apos;un facteur est ou est considéré comme une catégorie dans une variable catégorielle.
Alejandra Gonzalez-Beltran
Jean-Marc Meunier
Orlaith Burke
Philippe Rocca-Serra
treatment
AGB-PRS
https://onlinecourses.science.psu.edu/stat503/node/7
 is a subclass from http://purl.obolibrary.org/obo/IAO_0000027
</text>
                          <sha1>753hugogitqwnlby9d3k5rdzsa58oj1</sha1>
                        </revision>
                      </page>
                    </mediawiki>