<mediawiki xmlns="http://www.mediawiki.org/xml/export-0.10/" xmlns:xsi="http://www.w3.org/2001/XMLSchema-instance" xsi:schemaLocation="http://www.mediawiki.org/xml/export-0.10/ http://www.mediawiki.org/xml/export-0.10.xsd" version="0.10" xml:lang="fr">
                   <page>
                      <title>nucleic acid hybridization</title>
                        <ns>0</ns>
                        <id>0</id>
                        <revision>
                          <id>0</id>
                          <timestamp>2020-07-08T20:09:23Z</timestamp>
                          <contributor>
                            <username>Romain</username>
                            <id>1</id>
                          </contributor>
                          <comment>nucleic acid hybridization
PMI</comment>
                          <model>wikitext</model>
                          <format>text/x-wiki</format><text xml:space="preserve" bytes="12">nucleic acid hybridization
PMID: 18555787.Quantitative analysis of DNA hybridization in a flowthrough microarray for molecular testing. Anal Biochem. 2008 May 27.
a planned process by which totally or partially complementary, single-stranded nucleic acids arecombined into a single molecule called heteroduplex or homoduplex to an extent depending on the amount of complementarity.
Philippe Rocca-Serra
adapted from wikipedia [http://en.wikipedia.org/wiki/Nucleic_acid_hybridization]
</text>
                          <sha1>753hugogitqwnlby9d3k5rdzsa58oj1</sha1>
                        </revision>
                      </page>
                    </mediawiki>