<mediawiki xmlns="http://www.mediawiki.org/xml/export-0.10/" xmlns:xsi="http://www.w3.org/2001/XMLSchema-instance" xsi:schemaLocation="http://www.mediawiki.org/xml/export-0.10/ http://www.mediawiki.org/xml/export-0.10.xsd" version="0.10" xml:lang="fr">
                   <page>
                      <title>number of PCR cycle</title>
                        <ns>0</ns>
                        <id>0</id>
                        <revision>
                          <id>0</id>
                          <timestamp>2020-07-08T20:09:29Z</timestamp>
                          <contributor>
                            <username>Romain</username>
                            <id>1</id>
                          </contributor>
                          <comment>number of PCR cycle is a count</comment>
                          <model>wikitext</model>
                          <format>text/x-wiki</format><text xml:space="preserve" bytes="12">number of PCR cycle is a count which enumerates how many iterations of &apos;annealing, renaturation, amplification,&apos; rounds (or cycles) are performed during a polymerase chain reaction (PCR) or an assay relying on PCR.
Alejandra Gonzalez-Beltran
Orlaith Burke
Philippe Rocca-Serra
adapted 

 is a subclass from Décompte
</text>
                          <sha1>753hugogitqwnlby9d3k5rdzsa58oj1</sha1>
                        </revision>
                      </page>
                    </mediawiki>