<mediawiki xmlns="http://www.mediawiki.org/xml/export-0.10/" xmlns:xsi="http://www.w3.org/2001/XMLSchema-instance" xsi:schemaLocation="http://www.mediawiki.org/xml/export-0.10/ http://www.mediawiki.org/xml/export-0.10.xsd" version="0.10" xml:lang="fr">
                   <page>
                      <title>Objectif de calcul du centre</title>
                        <ns>0</ns>
                        <id>0</id>
                        <revision>
                          <id>0</id>
                          <timestamp>2020-07-08T20:09:23Z</timestamp>
                          <contributor>
                            <username>Romain</username>
                            <id>1</id>
                          </contributor>
                          <comment>center calculation objective
A</comment>
                          <model>wikitext</model>
                          <format>text/x-wiki</format><text xml:space="preserve" bytes="12">center calculation objective
A mean calculation which has center calculation objective is a data transformation in which the center of the input data is discovered through the calculation of a mean average.
A center calculation objective is a data transformation objective where the aim is to calculate the center of an input data set.
Un objectif de calcul du centre est une transformation de données où le but est de calculer le centre d&apos;un ensemble de données d&apos;entrée.
James Malone
Jean-Marc Meunier
PERSON: James Malone
 is a subclass from Objectif de transformation des données
</text>
                          <sha1>753hugogitqwnlby9d3k5rdzsa58oj1</sha1>
                        </revision>
                      </page>
                    </mediawiki>