<mediawiki xmlns="http://www.mediawiki.org/xml/export-0.10/" xmlns:xsi="http://www.w3.org/2001/XMLSchema-instance" xsi:schemaLocation="http://www.mediawiki.org/xml/export-0.10/ http://www.mediawiki.org/xml/export-0.10.xsd" version="0.10" xml:lang="fr">
                   <page>
                      <title>Objectif de correction d&apos;erreur</title>
                        <ns>0</ns>
                        <id>0</id>
                        <revision>
                          <id>0</id>
                          <timestamp>2020-07-08T20:09:23Z</timestamp>
                          <contributor>
                            <username>Romain</username>
                            <id>1</id>
                          </contributor>
                          <comment>error correction objective
App</comment>
                          <model>wikitext</model>
                          <format>text/x-wiki</format><text xml:space="preserve" bytes="12">error correction objective
Application of a multiple testing correction method
An error correction objective is a data transformation objective where the aim is to remove (correct for) erroneous contributions arising from the input data, or the transformation itself.
Un objectif de correction d&apos;erreur est un objectif de transformation de données dans lequel l&apos;objectif est de supprimer (corriger) les contributions erronées découlant des données d&apos;entrée ou de la transformation elle-même
James Malone, Helen Parkinson
Jean-Marc Meunier
PERSON: James Malone
 is a subclass from Objectif de correction
</text>
                          <sha1>753hugogitqwnlby9d3k5rdzsa58oj1</sha1>
                        </revision>
                      </page>
                    </mediawiki>