<mediawiki xmlns="http://www.mediawiki.org/xml/export-0.10/" xmlns:xsi="http://www.w3.org/2001/XMLSchema-instance" xsi:schemaLocation="http://www.mediawiki.org/xml/export-0.10/ http://www.mediawiki.org/xml/export-0.10.xsd" version="0.10" xml:lang="fr">
                   <page>
                      <title>Objectif d&apos;analyse de survie</title>
                        <ns>0</ns>
                        <id>0</id>
                        <revision>
                          <id>0</id>
                          <timestamp>2020-07-08T20:09:22Z</timestamp>
                          <contributor>
                            <username>Romain</username>
                            <id>1</id>
                          </contributor>
                          <comment>survival analysis objective
Ka</comment>
                          <model>wikitext</model>
                          <format>text/x-wiki</format><text xml:space="preserve" bytes="12">survival analysis objective
Kaplan meier data transformation
A data transformation objective which has the data transformation aims to model time to event data (where events are e.g. death and or disease recurrence); the purpose of survival analysis is to model the underlying distribution of event times and to assess the dependence of the event time on other explanatory variables
C&apos;est un objectif de transformation de données qui vise à modéliser le temps restant avant la mort pour des organismes biologiques (l&apos;espérance de vie) ou le temps restant avant l&apos;échec ou la panne dans les systèmes artificiels, ce que l&apos;on représente graphiquement sous la forme d&apos;une courbe de survie.
Jean-Marc Meunier
PERSON: James Malone
PERSON: Tina Boussard
Analyse de survie
survival analysis
http://en.wikipedia.org/wiki/Survival_analysis
https://fr.wikipedia.org/wiki/Analyse_de_survie
 is a subclass from Objectif de transformation des données
</text>
                          <sha1>753hugogitqwnlby9d3k5rdzsa58oj1</sha1>
                        </revision>
                      </page>
                    </mediawiki>