<mediawiki xmlns="http://www.mediawiki.org/xml/export-0.10/" xmlns:xsi="http://www.w3.org/2001/XMLSchema-instance" xsi:schemaLocation="http://www.mediawiki.org/xml/export-0.10/ http://www.mediawiki.org/xml/export-0.10.xsd" version="0.10" xml:lang="fr">
                   <page>
                      <title>occurrent</title>
                        <ns>0</ns>
                        <id>0</id>
                        <revision>
                          <id>0</id>
                          <timestamp>2020-07-08T20:09:19Z</timestamp>
                          <contributor>
                            <username>Romain</username>
                            <id>1</id>
                          </contributor>
                          <comment>occurrent
a surgical operation</comment>
                          <model>wikitext</model>
                          <format>text/x-wiki</format><text xml:space="preserve" bytes="12">occurrent
a surgical operation as processual context for a nosocomical infection
the life of an organism
the most interesting part of Van Gogh&apos;s life
the spatiotemporal context occupied by a process of cellular meiosis
the spatiotemporal region occupied by the development of a cancer tumor
An entitythat has temporal parts and that happens, unfolds or develops through time. Sometimes also called perdurants.
perdurant
 is a subclass from http://purl.obolibrary.org/obo/BFO_0000001
</text>
                          <sha1>753hugogitqwnlby9d3k5rdzsa58oj1</sha1>
                        </revision>
                      </page>
                    </mediawiki>