<mediawiki xmlns="http://www.mediawiki.org/xml/export-0.10/" xmlns:xsi="http://www.w3.org/2001/XMLSchema-instance" xsi:schemaLocation="http://www.mediawiki.org/xml/export-0.10/ http://www.mediawiki.org/xml/export-0.10.xsd" version="0.10" xml:lang="fr">
                   <page>
                      <title>peptide</title>
                        <ns>0</ns>
                        <id>0</id>
                        <revision>
                          <id>0</id>
                          <timestamp>2020-07-08T20:09:20Z</timestamp>
                          <contributor>
                            <username>Romain</username>
                            <id>1</id>
                          </contributor>
                          <comment>peptide
Amide derived from two</comment>
                          <model>wikitext</model>
                          <format>text/x-wiki</format><text xml:space="preserve" bytes="12">peptide
Amide derived from two or more amino carboxylic acid molecules (the same or different) by formation of a covalent bond from the carbonyl carbon of one to the nitrogen atom of another with formal loss of water. The term is usually applied to structures formed from alpha-amino acids, but it includes those derived from any amino carboxylic acid. X = OH, OR, NH2, NHR, etc.
 is a subclass from macromolecule
</text>
                          <sha1>753hugogitqwnlby9d3k5rdzsa58oj1</sha1>
                        </revision>
                      </page>
                    </mediawiki>