<mediawiki xmlns="http://www.mediawiki.org/xml/export-0.10/" xmlns:xsi="http://www.w3.org/2001/XMLSchema-instance" xsi:schemaLocation="http://www.mediawiki.org/xml/export-0.10/ http://www.mediawiki.org/xml/export-0.10.xsd" version="0.10" xml:lang="fr">
                   <page>
                      <title>Plan en blocs</title>
                        <ns>0</ns>
                        <id>0</id>
                        <revision>
                          <id>0</id>
                          <timestamp>2020-07-08T20:09:25Z</timestamp>
                          <contributor>
                            <username>Romain</username>
                            <id>1</id>
                          </contributor>
                          <comment>a block design is a kind of st</comment>
                          <model>wikitext</model>
                          <format>text/x-wiki</format><text xml:space="preserve" bytes="12">a block design is a kind of study design which declares a blocking variable (also known as nuisance variable) in order to account for a known source of variation and reduce its impact on the acquisition of the signal
un plan en blocs est une sorte de plan d&apos;étude qui déclare une variable de blocage (également appelée variable de nuisance) afin de tenir compte d&apos;une source de variation connue et de réduire son impact sur l&apos;acquisition du signal.
Alejandra Gonzalez-Beltran
Jean-Marc Meunier
Orlaith Burke
Philippe Rocca-Serra
adapted from several sources including Wikipedia
 is a subclass from http://purl.obolibrary.org/obo/OBI_0500000
</text>
                          <sha1>753hugogitqwnlby9d3k5rdzsa58oj1</sha1>
                        </revision>
                      </page>
                    </mediawiki>