<mediawiki xmlns="http://www.mediawiki.org/xml/export-0.10/" xmlns:xsi="http://www.w3.org/2001/XMLSchema-instance" xsi:schemaLocation="http://www.mediawiki.org/xml/export-0.10/ http://www.mediawiki.org/xml/export-0.10.xsd" version="0.10" xml:lang="fr">
                   <page>
                      <title>Plancomposite centré</title>
                        <ns>0</ns>
                        <id>0</id>
                        <revision>
                          <id>0</id>
                          <timestamp>2020-07-08T20:09:31Z</timestamp>
                          <contributor>
                            <username>Romain</username>
                            <id>1</id>
                          </contributor>
                          <comment>Le plan composite centré est </comment>
                          <model>wikitext</model>
                          <format>text/x-wiki</format><text xml:space="preserve" bytes="12">Le plan composite centré est le plan de surface de réponse le plus utilisé. Les plans composites centrés comprennent un plan factoriel ou un plan factoriel fractionnaire avec des points centraux, auxquels s&apos;ajoute un groupe de points axiaux (ou étoiles) qui permettent d&apos;estimer la courbure. Vous pouvez utiliser un plan composite centré pour effect

a central composite design is a study design which contains an imbedded factorial or fractional factorial design with center points that is augmented with a group of so-called &apos;star points&apos; that

Alejandra Gonzalez-Beltran
Jean-Marc Meunier
Orlaith Burke
Philippe Rocca-Serra
http://support.minitab.com/fr-fr/minitab/17/topic-library/modeling-statistics/doe/response-surface-designs/what-is-a-central-composite-design/
http://www.itl.nist.gov/div898/handbook/pri/section3/pri3361.htm
 is a subclass from http://purl.obolibrary.org/obo/OBI_0500000
</text>
                          <sha1>753hugogitqwnlby9d3k5rdzsa58oj1</sha1>
                        </revision>
                      </page>
                    </mediawiki>