<mediawiki xmlns="http://www.mediawiki.org/xml/export-0.10/" xmlns:xsi="http://www.w3.org/2001/XMLSchema-instance" xsi:schemaLocation="http://www.mediawiki.org/xml/export-0.10/ http://www.mediawiki.org/xml/export-0.10.xsd" version="0.10" xml:lang="fr">
                   <page>
                      <title>Plan à groupes parallèle</title>
                        <ns>0</ns>
                        <id>0</id>
                        <revision>
                          <id>0</id>
                          <timestamp>2020-07-08T20:09:23Z</timestamp>
                          <contributor>
                            <username>Romain</username>
                            <id>1</id>
                          </contributor>
                          <comment>parallel group design
PMID: 17</comment>
                          <model>wikitext</model>
                          <format>text/x-wiki</format><text xml:space="preserve" bytes="12">parallel group design
PMID: 17408389-Purpose: Proliferative vitreoretinopathy (PVR) is the most important reason for blindness following retinal detachment. Presently, vitreous tamponades such as gas or silicone oil cannot contact the lower part of the retina. A heavier-than-water tamponade displaces the inflammatory and PVR-stimulating environment from the inferior area of the retina. The Heavy Silicone Oil versus Standard Silicone Oil Study (HSO Study) is designed to answer the question of whether a heavier-than-water tamponade improves the prognosis of eyes with PVR of the lower retina. Methods: The HSO Study is a multicentre, randomized, prospective controlled clinical trial comparing two endotamponades within a two-arm parallel group design. Patients with inferiorly and posteriorly located PVR are randomized to either heavy silicone oil or standard silicone oil as a tamponading agent. Three hundred and fifty consecutive patients are recruited per group. After intraoperative re-attachment, patients are randomized to either standard silicone oil (1000 cSt or 5000 cSt) or Densiron((R)) as a tamponading agent. The main endpoint criteria are complete retinal attachment at 12 months and change of visual acuity (VA) 12 months postoperatively compared with the preoperative VA. Secondary endpoints include complete retinal attachment before endotamponade removal, quality of life analysis and the number of retina affecting re-operation within 1 year of follow-up. Results: The design and early recruitment phase of the study are described. Conclusions: The results of this study will uncover whether or not heavy silicone oil improves the prognosis of eyes with PVR.
A parallel group design or independent measure design is a study design which uses unique experimental unit each experimental group, in other word no two individuals are shared between experimental groups, hence also known as parallel group design. Subjects of a treatment group receive a unique combination of independent variable values making up a treatment
Une plan à groupes parallèles ou une plan à mesures indépendantes est une plan d&apos;étude qui utilise une unité expérimentale unique chaque groupe expérimental, autrement dit, aucun autre individu n&apos;est partagé entre des groupes expérimentaux, donc également connu sous le nom de conception de groupe parallèle. Les sujets d&apos;un groupe de traitement reçoivent une combinaison unique de valeurs variables indépendantes qui constituent un traitement.
Jean-Marc Meunier
Philippe Rocca-Serra
Plan à mesures indépendantes
independent measure design
http://www.holah.karoo.net/experimentaldesigns.htm
 is a subclass from http://purl.obolibrary.org/obo/OBI_0500000
</text>
                          <sha1>753hugogitqwnlby9d3k5rdzsa58oj1</sha1>
                        </revision>
                      </page>
                    </mediawiki>