<mediawiki xmlns="http://www.mediawiki.org/xml/export-0.10/" xmlns:xsi="http://www.w3.org/2001/XMLSchema-instance" xsi:schemaLocation="http://www.mediawiki.org/xml/export-0.10/ http://www.mediawiki.org/xml/export-0.10.xsd" version="0.10" xml:lang="fr">
                   <page>
                      <title>Processus</title>
                        <ns>0</ns>
                        <id>0</id>
                        <revision>
                          <id>0</id>
                          <timestamp>2020-07-08T20:09:19Z</timestamp>
                          <contributor>
                            <username>Romain</username>
                            <id>1</id>
                          </contributor>
                          <comment>process
the life of an organis</comment>
                          <model>wikitext</model>
                          <format>text/x-wiki</format><text xml:space="preserve" bytes="12">process
the life of an organism
the process of cell-division
the process of sleeping
A processual entitythat is a maximally connected spatiotemporal whole and has bona fide beginnings and endings corresponding to real discontinuities.
Enchainement ordonné de faits ou de phénomènes répondant à un certain schéma et aboutissant à quelque chose.
Jean-Marc Meunier
http://www.larousse.fr/dictionnaires/francais/processus/64066
 is a subclass from occurrent
</text>
                          <sha1>753hugogitqwnlby9d3k5rdzsa58oj1</sha1>
                        </revision>
                      </page>
                    </mediawiki>