<mediawiki xmlns="http://www.mediawiki.org/xml/export-0.10/" xmlns:xsi="http://www.w3.org/2001/XMLSchema-instance" xsi:schemaLocation="http://www.mediawiki.org/xml/export-0.10/ http://www.mediawiki.org/xml/export-0.10.xsd" version="0.10" xml:lang="fr">
                   <page>
                      <title>Produit cartésien</title>
                        <ns>0</ns>
                        <id>0</id>
                        <revision>
                          <id>0</id>
                          <timestamp>2020-07-08T20:09:29Z</timestamp>
                          <contributor>
                            <username>Romain</username>
                            <id>1</id>
                          </contributor>
                          <comment>Plus généralement, si E1, E2</comment>
                          <model>wikitext</model>
                          <format>text/x-wiki</format><text xml:space="preserve" bytes="12">Plus généralement, si E1, E2, ..., En sont n ensembles, on peut considérer le produit cartésien: E1×E2×... ×En, comme étant l&apos;ensemble des n-uplets, (x1,x2,...,xn) où x1 élément de E1, x2 élément de E2, ..., xn élemént de En.
a cartesian product is a data transformation which operates on a n Sets to produce a set of all possible ordered n-tuples where each element of the tuple comes from a Set
http://gilles.dubois10.free.fr/Bases/Relations/cartesien.html
Alejandra Gonzalez-Beltran
Jean-Marc Meunier
Orlaith Burke
PERSON: Philippe Rocca-Serra
adapted from math wolfram (http://mathworld.wolfram.com/CartesianProduct.html)
http://www.bibmath.net/dico/index.php?action=affiche&amp;quoi=./p/prodcart.html
 is a subclass from http://purl.obolibrary.org/obo/OBI_0200000
</text>
                          <sha1>753hugogitqwnlby9d3k5rdzsa58oj1</sha1>
                        </revision>
                      </page>
                    </mediawiki>