<mediawiki xmlns="http://www.mediawiki.org/xml/export-0.10/" xmlns:xsi="http://www.w3.org/2001/XMLSchema-instance" xsi:schemaLocation="http://www.mediawiki.org/xml/export-0.10/ http://www.mediawiki.org/xml/export-0.10.xsd" version="0.10" xml:lang="fr">
                   <page>
                      <title>Structure de covariance Huynh-Feldt</title>
                        <ns>0</ns>
                        <id>0</id>
                        <revision>
                          <id>0</id>
                          <timestamp>2020-07-08T20:09:33Z</timestamp>
                          <contributor>
                            <username>Romain</username>
                            <id>1</id>
                          </contributor>
                          <comment>Il s&apos;agit d&apos;une matr</comment>
                          <model>wikitext</model>
                          <format>text/x-wiki</format><text xml:space="preserve" bytes="12">Il s&apos;agit d&apos;une matrice « circulaire » dans laquelle la covariance entre deux éléments est égale à la moyenne de leurs variances moins une constante. Ni les variances, ni les covariances ne sont constantes.
It is a &quot;circular&quot; matrix in which the covariance between two elements is equal to the mean of their variances minus a constant. Neither the variances nor the covariances are constant.
Alejandra Gonzalez-Beltran
Camille Maumet
Jean-Marc Meunier
Orlaith Burke
Philippe Rocca-Serra
Tom Nichols
HF
http://support.sas.com/documentation/cdl/en/statug/63033/HTML/default/view

https://www.ibm.com/support/knowledgecenter/fr/SSLVMB_sub/statistics_mainhelp_ddita/spss/advanced/covariance_structures.html
 is a subclass from http://purl.obolibrary.org/obo/STATO_0000346
</text>
                          <sha1>753hugogitqwnlby9d3k5rdzsa58oj1</sha1>
                        </revision>
                      </page>
                    </mediawiki>