<mediawiki xmlns="http://www.mediawiki.org/xml/export-0.10/" xmlns:xsi="http://www.w3.org/2001/XMLSchema-instance" xsi:schemaLocation="http://www.mediawiki.org/xml/export-0.10/ http://www.mediawiki.org/xml/export-0.10.xsd" version="0.10" xml:lang="fr">
                   <page>
                      <title>Structure de covariance de symétrie composée hétérogène</title>
                        <ns>0</ns>
                        <id>0</id>
                        <revision>
                          <id>0</id>
                          <timestamp>2020-07-08T20:09:33Z</timestamp>
                          <contributor>
                            <username>Romain</username>
                            <id>1</id>
                          </contributor>
                          <comment>La structure de symétrie comp</comment>
                          <model>wikitext</model>
                          <format>text/x-wiki</format><text xml:space="preserve" bytes="12">La structure de symétrie composée hétérogène est une structure de covariance de symétrie composée qui a un paramètre de variance différent pour chaque élément diagonal et utilise les racines carrées de ces paramètres dans les entrées hors diagonale.
heterogenous compound symmetry structure is a compound symmetry covariance structure which has a different variance parameter for each diagonal element, and it uses the square roots of these parameters in the off-diagonal entries.
Alejandra Gonzalez-Beltran
Camille Maumet
Jean-Marc Meunier
Orlaith Burke
Philippe Rocca-Serra
Tom Nichols
CSH
http://support.sas.com/documentation/cdl/en/statug/63033/HTML/default/viewer.htm#statug_mixed_sect019.htm
 is a subclass from Structure de covariance de symétrie composée
</text>
                          <sha1>753hugogitqwnlby9d3k5rdzsa58oj1</sha1>
                        </revision>
                      </page>
                    </mediawiki>