<mediawiki xmlns="http://www.mediawiki.org/xml/export-0.10/" xmlns:xsi="http://www.w3.org/2001/XMLSchema-instance" xsi:schemaLocation="http://www.mediawiki.org/xml/export-0.10/ http://www.mediawiki.org/xml/export-0.10.xsd" version="0.10" xml:lang="fr">
                   <page>
                      <title>Structure hétérogène de covariance de Toeplitz</title>
                        <ns>0</ns>
                        <id>0</id>
                        <revision>
                          <id>0</id>
                          <timestamp>2020-07-08T20:09:32Z</timestamp>
                          <contributor>
                            <username>Romain</username>
                            <id>1</id>
                          </contributor>
                          <comment>
Cette structure de covariance</comment>
                          <model>wikitext</model>
                          <format>text/x-wiki</format><text xml:space="preserve" bytes="12">
Cette structure de covariance comporte des variances et des corrélations hétérogènes entre les éléments. La corrélation entre les éléments adjacents est homogène pour toutes les paires d&apos;éléments adjacents. La corrélation entre deux éléments séparés par un troisième est également homogène, etc.
This covariance structure has variances and heterogeneous correlations between the elements. The correlation between the adjacent elements is homogeneous for all pairs of adjacent elements. The correlation between two elements separated by a third is also homogeneous.
Alejandra Gonzalez-Beltran
Camille Maumet
Jean-Marc Meunier
Orlaith Burke
Philippe Rocca-Serra
Tom Nichols
TOEPH
http://support.sas.com/documentation/cdl/en/statug/63033/HTML/default/viewer.htm#statug_mixed_sect019.htm
https://www.ibm.com/support/knowledgecenter/fr/SSLVMB_sub/statistics_mainhelp_ddita/spss/advanced/covariance_structures.html
 is a subclass from http://purl.obolibrary.org/obo/STATO_0000346
</text>
                          <sha1>753hugogitqwnlby9d3k5rdzsa58oj1</sha1>
                        </revision>
                      </page>
                    </mediawiki>