<mediawiki xmlns="http://www.mediawiki.org/xml/export-0.10/" xmlns:xsi="http://www.w3.org/2001/XMLSchema-instance" xsi:schemaLocation="http://www.mediawiki.org/xml/export-0.10/ http://www.mediawiki.org/xml/export-0.10.xsd" version="0.10" xml:lang="fr">
                   <page>
                      <title>Structure de covariance autorégressive de premier ordre</title>
                        <ns>0</ns>
                        <id>0</id>
                        <revision>
                          <id>0</id>
                          <timestamp>2020-07-08T20:09:33Z</timestamp>
                          <contributor>
                            <username>Romain</username>
                            <id>1</id>
                          </contributor>
                          <comment>La structure de covariance aut</comment>
                          <model>wikitext</model>
                          <format>text/x-wiki</format><text xml:space="preserve" bytes="12">La structure de covariance autorégressive de premier ordre est une structure de covariance où les corrélations entre les erreurs diminuent de façon exponentielle avec la distance.
first order autoregressive covariance structure is a covariance structure where correlations among errors decline exponentially with distance
Alejandra Gonzalez-Beltran
Camille Maumet
Jean-Marc Meunier
Orlaith Burke
Philippe Rocca-Serra
Tom Nichols
AR(1)
http://support.sas.com/documentation/cdl/en/statug/63033/HTML/default/viewer.htm#statug_mixed_sect019.htm
 is a subclass from http://purl.obolibrary.org/obo/STATO_0000346
</text>
                          <sha1>753hugogitqwnlby9d3k5rdzsa58oj1</sha1>
                        </revision>
                      </page>
                    </mediawiki>