<mediawiki xmlns="http://www.mediawiki.org/xml/export-0.10/" xmlns:xsi="http://www.w3.org/2001/XMLSchema-instance" xsi:schemaLocation="http://www.mediawiki.org/xml/export-0.10/ http://www.mediawiki.org/xml/export-0.10.xsd" version="0.10" xml:lang="fr">
                   <page>
                      <title>Structure de covariance anté-dépendance</title>
                        <ns>0</ns>
                        <id>0</id>
                        <revision>
                          <id>0</id>
                          <timestamp>2020-07-08T20:09:33Z</timestamp>
                          <contributor>
                            <username>Romain</username>
                            <id>1</id>
                          </contributor>
                          <comment>Ante-dependence covariance str</comment>
                          <model>wikitext</model>
                          <format>text/x-wiki</format><text xml:space="preserve" bytes="12">Ante-dependence covariance structure is a covariance structure which specifies that the covariance between two time points is a function of the product of variances at both points (hence allowing hetrogenity of error variance across measures to affect the correlation) and the product of the correlations at the distances up to the one chosen.
La structure de covariance Ante-dépendance est une structure de covariance qui spécifie que la covariance entre deux points temporels est une fonction du produit des variances aux deux points (permettant ainsi à l&apos;hetrogenité de la variance de l&apos;erreur à travers les mesures d&apos;affecter la corrélation) et le produit des corrélations des distances jusqu&apos;à celle choisie.
Alejandra Gonzalez-Beltran
Camille Maumet
Jean-Marc Meunier
Orlaith Burke
Philippe Rocca-Serra
Tom Nichols
ANTE(1)
http://support.sas.com/documentation/cdl/en/statug/63033/HTML/default/viewer.htm#statug_mixed_sect019.htm
 is a subclass from http://purl.obolibrary.org/obo/STATO_0000346
</text>
                          <sha1>753hugogitqwnlby9d3k5rdzsa58oj1</sha1>
                        </revision>
                      </page>
                    </mediawiki>