<mediawiki xmlns="http://www.mediawiki.org/xml/export-0.10/" xmlns:xsi="http://www.w3.org/2001/XMLSchema-instance" xsi:schemaLocation="http://www.mediawiki.org/xml/export-0.10/ http://www.mediawiki.org/xml/export-0.10.xsd" version="0.10" xml:lang="fr">
                   <page>
                      <title>Surface sous la courbe</title>
                        <ns>0</ns>
                        <id>0</id>
                        <revision>
                          <id>0</id>
                          <timestamp>2020-07-08T20:09:29Z</timestamp>
                          <contributor>
                            <username>Romain</username>
                            <id>1</id>
                          </contributor>
                          <comment>

La surface sous courbe est u</comment>
                          <model>wikitext</model>
                          <format>text/x-wiki</format><text xml:space="preserve" bytes="12">

La surface sous courbe est une donnée de mesure qui correspond à la surface définie par l&apos;axe des x et liée par le graphique linéaire représenté dans un tracé à2 dimensions résultant d&apos;un calcul d&apos;intégration ou intégratif. L&apos;interprétation de cette donnée de mesure dépend des variables tracées dans le graphique.
area under curve is a measurement datum which corresponds to the surface define by the x-axis and bound by the line graph represented in a 2 dimensional plot resulting from an integration or integrative calculus. The interpretation of this measurement datum depends on the variables plotted in the graph
PRS: submit &apos;integral calculus&apos; as a kind of data transformation in OBI:DT branch
Alejandra Gonzalez-Beltran
Jean-Marc Meunier
Orlaith Burke
Philippe Rocca-Serra
 is a subclass from http://purl.obolibrary.org/obo/IAO_0000109
</text>
                          <sha1>753hugogitqwnlby9d3k5rdzsa58oj1</sha1>
                        </revision>
                      </page>
                    </mediawiki>