<mediawiki xmlns="http://www.mediawiki.org/xml/export-0.10/" xmlns:xsi="http://www.w3.org/2001/XMLSchema-instance" xsi:schemaLocation="http://www.mediawiki.org/xml/export-0.10/ http://www.mediawiki.org/xml/export-0.10.xsd" version="0.10" xml:lang="fr">
                   <page>
                      <title>Système de coordonnées sphériques</title>
                        <ns>0</ns>
                        <id>0</id>
                        <revision>
                          <id>0</id>
                          <timestamp>2020-07-08T20:09:24Z</timestamp>
                          <contributor>
                            <username>Romain</username>
                            <id>1</id>
                          </contributor>
                          <comment>In mathematics, a spherical co</comment>
                          <model>wikitext</model>
                          <format>text/x-wiki</format><text xml:space="preserve" bytes="12">In mathematics, a spherical coordinate system is a coordinate system for three-dimensional space where the position of a point is specified by three numbers: the radial distance of that point from a fixed origin, its polar angle measured from a fixed zenith direction, and the azimuth angle of its orthogonal projection on a reference plane that passes through the origin and is orthogonal to the zenith, measured from a fixed reference direction on that plane.
On appelle coordonnées sphériques divers systèmes de coordonnées de l&apos;espace qui généralisent les coordonnées polaires du plan. Un point de l&apos;espace y est repéré par la distance à un pôle et deux angles. Ce système est d&apos;emploi courant pour le repérage géographique : l&apos;altitude, la latitude, et la longitude sont une variante de ces coordonnées. Plusieurs systèmes de coordonnées sphériques sont égale

Alejandra Gonzalez-Beltran
Jean-Marc Meunier
Orlaith Burke
Philippe Rocca-Serra
https://en.wikipedia.org/wiki/Spherical_coordinate_system
https://fr.wikipedia.org/wiki/Coordonn%C3%A9es_sph%C3%A9riques
 is a subclass from http://purl.obolibrary.org/obo/STATO_0000010
</text>
                          <sha1>753hugogitqwnlby9d3k5rdzsa58oj1</sha1>
                        </revision>
                      </page>
                    </mediawiki>