<mediawiki xmlns="http://www.mediawiki.org/xml/export-0.10/" xmlns:xsi="http://www.w3.org/2001/XMLSchema-instance" xsi:schemaLocation="http://www.mediawiki.org/xml/export-0.10/ http://www.mediawiki.org/xml/export-0.10.xsd" version="0.10" xml:lang="fr">
                   <page>
                      <title>Tauxd&apos;avancement de réaction</title>
                        <ns>0</ns>
                        <id>0</id>
                        <revision>
                          <id>0</id>
                          <timestamp>2020-07-08T20:09:26Z</timestamp>
                          <contributor>
                            <username>Romain</username>
                            <id>1</id>
                          </contributor>
                          <comment>On peut donc, pour mesurer l&a</comment>
                          <model>wikitext</model>
                          <format>text/x-wiki</format><text xml:space="preserve" bytes="12">On peut donc, pour mesurer l&apos;évolution de la réaction par rapport à l&apos;évolution maximale, définir un taux d&apos;avancement de réaction que l&apos;on noterax ,x étant une grandeur sans dimension , qui représentera la fraction de réactifs ayant réagi par rapport à celle qui aurait disparu si la réaction était totale.
reaction rate is a measurement datum which represents the speed of a chemical reaction turning reactive species into product species of event (i.e the number of such conversions)s occuring over a time interval
Alejandra Gonzalez-Beltran
Jean-Marc Meunier
Orlaith Burke
Philippe Rocca-Serra
Degré d&apos;avancement de réaction
STATO
http://uel.unisciel.fr/chimie/chimther/chimther_ch01/co/apprendre_ch1_07.html
 is a subclass from http://purl.obolibrary.org/obo/STATO_0000184
</text>
                          <sha1>753hugogitqwnlby9d3k5rdzsa58oj1</sha1>
                        </revision>
                      </page>
                    </mediawiki>