<mediawiki xmlns="http://www.mediawiki.org/xml/export-0.10/" xmlns:xsi="http://www.w3.org/2001/XMLSchema-instance" xsi:schemaLocation="http://www.mediawiki.org/xml/export-0.10/ http://www.mediawiki.org/xml/export-0.10.xsd" version="0.10" xml:lang="fr">
                   <page>
                      <title>Variable</title>
                        <ns>0</ns>
                        <id>0</id>
                        <revision>
                          <id>0</id>
                          <timestamp>2020-07-08T20:09:30Z</timestamp>
                          <contributor>
                            <username>Romain</username>
                            <id>1</id>
                          </contributor>
                          <comment>Une variable est une informati</comment>
                          <model>wikitext</model>
                          <format>text/x-wiki</format><text xml:space="preserve" bytes="12">Une variable est une information dont on recueille (ou observe ou mesure) la valeur sur chaque individu. On parle de variable parce que la valeur de l’information n’est pas la même d’un individu à l’autre. C’est à partir des valeurs observées que le statisticien construit ses classements d’individus.
a variable is a data item which can assume any of a set of values, either as determined by an agent or as randomly occuring through observation.
Alejandra Gonzalez-Beltran
Jean-Marc Meunier
Orlaith Burke
Philippe Rocca-Serra
STATO
adapted from wolfram-alpha (http://www.wolframalpha.com/i

http://hpa.free.fr/VocabStat.htm
 is a subclass from http://purl.obolibrary.org/obo/IAO_0000027
 is a subclass from http://purl.obolibrary.org/obo/IAO_0000033
</text>
                          <sha1>753hugogitqwnlby9d3k5rdzsa58oj1</sha1>
                        </revision>
                      </page>
                    </mediawiki>